Madrid;Atilio Zurita
Barcelona;Asuncion Bartolome
Sevilla;Arcelia Lerma
Malaga;Silvio Valenciano
Valencia;Nicolasa Marquez
Zaragoza;Fito Acevedo
Palma;Hernan Hervia
Murcia;Aitana Garmendia
Las Palmas;Irma Nunez
A Coruna;Angela Mata
Bilbao;Vasco Maestre
Alicante;Cleto Escalona
Cordoba;Ana Belen Alvaro
Valladolid;Paca Blanca
Vigo;Edelmira Giner
Gijon;Evita Carro
Vitoria-Gasteiz;Cecilio Amor
Elche;Rosalva Garay
Granada;Oscar Palomares
Tarrasa;Bruno Dieguez
Badalona;Ricarda Miro
Oviedo;Quique Valero
Petrel;Florina Morante
Sabadell;Rolando Bas
Cartagena;Ruy Rius
Jerez de la Frontera;Edgar Puerta
Santa Cruz;Manuelita Marti
Pamplona;Lara Frutos
Leon;Soledad Azcona
Almeria;Santiago Dalmau
Logrono;Macaria Puente
Fuenlabrada;Pia Nevado
Leganes;Ceferino Palmer
Donostia;Olalla Mercader
Mataro;Haroldo Cerdan
Albacete;Rene Velazquez
Castellon de la Plana;Amparo Reyes
Santander;Galo Gallart
Getafe;Amor Duarte
Alcorcon;Lupita Madrigal
Burgos;Iban Blanch
Guadalajara;Lorena Iglesia
La Laguna;Eric Domenech
Badajoz;Tiburcio Vicente
Marbella;Consuela Mas
Salamanca;Isa Chaves
Huelva;Agustin Bru
Ciudad de Melilla;Sofia Nogueira
Tarragona;Francisco Jose Jodar
Dos Hermanas;Regulo Manzano
Torrejon de Ardoz;Paloma Garriga
Algeciras;Edelmiro Jurado
Cadiz;Marta Sanmartin
Jaen;Camila Gonzalez
Reus;Jose Angel Urena
Girona;Cayetana Saez
San Vicente de Baracaldo;Simon Verdejo
Lugo;Ruperta Solsona
Roquetas de Mar;Jeremias Villalonga
Caceres;Isidora Carbajo
Las Rozas de Madrid;America Abella
Lorca;Victoria Villar
San Fernando;Cristina Jurado
San Cugat del Valles;Clotilde Mendez
Santiago de Compostela;Eligio Valle
San Sebastian de los Reyes;Ruperta Rossello
Vaciamadrid;Chuy Requena
El Puerto de Santa Maria;Eusebia Iniguez
Toledo;Anacleto Pascual
Mijas;Fabricio Olive
Chiclana de la Frontera;Ines Valls
Torrevieja;Salud Silva
San Baudilio de Llobregat;Anselma Losa
Ciudad de Ceuta;Mar Llabres
Torrente;Trinidad Estrada
El Ejido;Palmira Soriano
Pontevedra;Cecilio Arias
Fuengirola;Heriberto Gallo
Arona;Ruben Cabezas
Velez-Malaga;Anibal Calvet
Rubi;Maria Fernanda Arregui
Manresa;Miguel Camino
Aviles;Jose Maria Sarmiento
Valdemoro;Lisandro Peralta
Gandia;Quique Perez
Alcala de Guadaira;Mayte Tejada
Molina de Segura;Esperanza Correa
Majadahonda;Gerardo Comas
Paterna;Victor Alba
Benidorm;Juan Carlos Guardia
Sanlucar de Barrameda;Loida Soria
Torremolinos;Aurelio Plaza
Benalmadena;Lucho Sancho
Villanueva y Geltru;Ingrid Valls
Castelldefels;Elisa Rosales
Viladecans;Jimena Almansa
Sagunto;Cristobal Gracia
Ferrol;Elodia Blasco
El Prat de Llobregat;Federico Navarro
Arrecife;Almudena Haro
Collado-Villalba;Porfirio Rodrigo
La Linea de la Concepcion;Jose Carlos Alemany
Irun;Victorino Melero
Granollers;Maria Luisa Prada
Zamora;Teo Pareja
Merida;Judith Molina
Alcoy;Maria Carmen Sanjuan
San Vicente del Raspeig;Balduino Salinas
Motril;Baudelio Morcillo
Avila;Guadalupe Morera
Linares;Carina Mari
Cuenca;Maria Jose Cadenas
Huesca;Loreto Parra
San Bartolome;Sancho Vizcaino
Pinto;Victor Barrera
Elda;Gregorio Laguna
Colmenar Viejo;Mauricio Duran
Mollet;Ovidio Tur
Torrelavega;Albina Cid
Pola de Siero;Maxima Aguilo
Villareal;Fabian Fuentes
Granadilla de Abona;Maximino Gras
Ibiza;Maria Dolores Losa
Utrera;Marina Ortiz
Adeje;Guadalupe Lamas
Rincon de la Victoria;Encarnita Saura
Figueras;Ariel Parejo
Esplugas de Llobregat;Calixta Pulido
Gava;Eva Baron
Puertollano;Ulises Uria
Mairena del Aljarafe;Agueda Nunez
Santurce-Antiguo;Amancio Lumbreras
Portugalete;Norberto Vergara
San Feliu de Llobregat;Felicidad Viana
Alcira;Victor Estevez
Manacor;Bienvenida Carnero
Mislata;Hortensia Barrios
Denia;Paula Atienza
Lucena;Ana Sofia Iborra
Alcantarilla;Damian Valenzuela
La Orotava;Eligia Llanos
Puerto del Rosario;Walter Cordero
Puerto Real;Jeremias Carrion
Antequera;Gregorio Yanez
Alhaurin de la Torre;Graciela Lucena
Igualada;Berta Luque
Villafranca del Panades;Loreto Ros
Blanes;Judith Arce
Ecija;Leandro Cerda
Plasencia;Regina Juarez
San Fernando de Henares;Maria Dolores Mur
Santa Eulalia del Rio;Armida Jove
Sama;Angeles Cabello
Lloret de Mar;Remedios Zorrilla
Naron;Iris Arenas
Burjasot;Sebastian Muniz
Los Palacios y Villafranca;Rosa Maria Quevedo
Vendrell;Edgar Llamas
Ripollet;Hilda Neira
Lluchmayor;Jose Ignacio Fabra
Marratxi;Lupe Sanjuan
Villagarcia de Arosa;Jose Ignacio Colom
Mieres;Bautista Crespo
San Adrian de Besos;Eusebio Canellas
Don Benito;Nadia Carrera
Tudela;Amando Duran
Moncada;Francisco Javier Samper
Andujar;Modesto Romeu
Oleiros;Lupita Feijoo
Torre-Pacheco;Borja Carreras
Tomelloso;Baldomero Rivera
Olot;Santiago Domenech
Onteniente;Vasco Rius
Miranda de Ebro;Ileana Figuerola
Aguilas;Marita Villegas
Teruel;Constanza Mosquera
Cieza;Luisa Ramirez
Villajoyosa;Elena Mari
Burriana;Herberto Cobos
Cambrils;Plinio Galvez
San Juan Despi;Reynaldo Chico
Villena;Aranzazu Manzano
Almendralejo;Fulgencio Martinez
Ronda;Ramon Marmol
Inca;Norberto Pozo
Tortosa;Ruy Rivero
Santa Pola;Miriam Rozas
Aranda de Duero;Eusebia Cerdan
San Javier;Ruth Contreras
Mazarron;Natanael Mata
Arteijo;Eli Canton
Totana;Piedad Palma
Castro-Urdiales;Plinio Berenguer
Aldaya;Edmundo Gisbert
Salt;Morena Uribe
Vall de Uxo;Gloria Domenech
Nijar;Yaiza Feijoo
San Roque;Fortunata Losa
Carballo;Felisa Angel
Arroyomolinos;Maricela Yanez
Manises;Balduino Pinedo
San Pedro de Ribas;Gema Rossello
Coria del Rio;Maximo Nebot
Arcos de la Frontera;Guillermo Amigo
Alcazar de San Juan;Jovita Rosell
Culleredo;Visitacion Solera
San Andres del Rabanedo;Charo Rossello
Puerto de la Cruz;Anastasia Paredes
Valdepenas;Nuria Fabra
Chirivella;Cristobal Bartolome
Durango;Bruno Gimenez
Puente-Genil;Estefania Cal
Alacuas;Fabio Cazorla
Mahon;Horacio Pedrero
Sitges;Anibal Julian
Crevillente;Jordana Bellido
Galdacano;Paula Barcena
Rota;Griselda Quintero
Redondela;Valentin Checa
Campello;Fortunata Roca
Vinaroz;Chema Peiro
Martorell;Pepe Pujadas
Catarroja;Martina Mendez
Premia de Mar;Estrella Soto
Salou;Fidela Rosello
Candelaria;Eutropio Uria
Javea;Onofre Cisneros
Lepe;Irma Carrera
Eibar;Albert Cabeza
Moron de la Frontera;Joaquina Tovar
Calafell;Paca Ferrandez
Lebrija;Jose Carlos Berrocal
San Andres de la Barca;Florentino Briones
Sueca;Baldomero Velazquez
Camas;Artemio Flor
Sestao;Nacho Pizarro
Algemesi;Apolonia Atienza
Benicarlo;Ceferino Solana
La Oliva;Matias Hierro
Vicar;Gisela Godoy
Santa Eugenia;Anselma Arenas
Almazora;Diana Arana
Cartama;Reyes Arevalo
Cangas;Odalis Montenegro
Paiporta;Joan Arevalo
Santa Perpetua de Moguda;Ariel Pujadas
Jumilla;Milagros Boada
Molins de Rey;Venceslas Canales
San Pedro del Pinatar;Marcia Villegas
Almunecar;Luciana Cases
Paracuellos de Jarama;Eli Llorens
Villanueva de la Serena;Rufino Gual
Novelda;Angelino Reyes
Renedo;Victor Reyes
Muchamiel;Heliodoro Barba
Tomares;Clotilde Martinez
Adra;Rosario Gomez
Alhaurin el Grande;Walter Colom
Oliva;Toribio Campos
Villarrobledo;Julian Castells
Ciempozuelos;Eugenia Canales
Cuart de Poblet;Purificacion Aguado
Onda;Rosalina Vicente
Puebla de Vallbona;Agustina Pinto
Alboraya;Rosaura Carrion
Betera;Anibal Herrera
Cambre;Fernando Estrada
Calahorra;Leyre Bejarano
Erandio;Jorge Villalonga
Almansa;Graciela Pardo
Almonte;Amando Conde
Valls;Nelida Solana
San Juan de Alicante;Romulo Gutierrez
Armilla;Rodrigo Rius
Olesa de Montserrat;Rosalva Fuentes
Torrelodones;Maria Angeles Julia
Masnou;Fito Palmer
Los Barrios;Guadalupe Lara
Mairena del Alcor;Jenaro Catalan
Ibi;Cintia Tejero
Liria;Priscila Arana
Zarautz;Melchor Munoz
Calpe;Eufemia Aguilar
Icod de los Vinos;Cristian Verdugo
Puenteareas;Celestina Melero
Conil de la Frontera;Amando Bayo
Laguna de Duero;Silvia Gutierrez
Montilla;Montserrat Feliu
Coin;Poncio Cabrera
Altea;Luna Checa
Barbate de Franco;Barbara Bou
Vilaseca de Solcina;Leyre Lucena
Cullera;Gisela Rozas
Priego de Cordoba;Veronica Saenz
Pilar de la Horadada;Che Pascual
Maracena;Belen Tomas
Esparraguera;Benigna Jauregui
Bormujos;Caridad Aguilera
Torre del Mar;Inocencio Benitez
Alhama de Murcia;Begona Barrena
San Feliu de Guixols;Epifanio Suarez
Moncada;Gabino Guitart
Moguer;Ovidio Tudela
Guia de Isora;Dorotea Galan
San Juan de Aznalfarache;Daniela Cuenca
Las Torres de Cotillas;Angeles Manso
Alcala la Real;Anunciacion Noriega
Aljaraque;Armando Morales
Alfafar;Regulo Canals
Isla-Cristina;Eulalia Cazorla
Pajara;Rogelio Pou
Picasent;Leoncio Roman
Almoradi;Cristobal Bernat
Nerja;Pili Morata
Ayamonte;Lola Gallego
Palafrugell;Eugenio Boada
San Juan de Vilasar;Luisa Becerra
Palma del Rio;Ariadna Reyes
Manlleu;Jose Miguel Casares
Alcudia;Gabriel Terron
Aspe;Fernando Cervera
Los Llanos de Aridane;Paco Canas
Guimar;Maximo Llanos
La Union;Nadia Carmona
Hernani;Serafina Alcantara
Carcagente;Mariana Hoz
Baza;Americo Prat
Loja;Carmelo Bermejo
Medina del Campo;Casandra Carretero
Requena;Melisa Cuellar
La Estrada;Bernardino Blasco
Cabra;Edelmira Villar
Lalin;Itziar Vilalta
Baranain;Clara Fuertes
Porrino;Leandra Gallo
Calatayud;Olimpia Montenegro
Cartaya;Tomasa Requena
Banolas;Consuelo Mate
Rosas;Francisco Javier Bermudez
Puzol;Azahar Cabrero
El Arahal;Amador Landa
Amorebieta;Josefina Falco
Moana;Tristan Guillen
Huercal-Overa;Dalila Pi
Archena;Donato Domingo
Zubia;Emiliana Moll
Marchena;Nelida Espanol
El Viso del Alcor;Amparo Amor
Calella;Mariano Cano
Chipiona;Clara Pages
Callosa de Segura;Olga Perera
Silla;Rosario Badia
Baena;Geronimo Manzano
Albolote;Alvaro Vinas
Atarfe;Adelardo Solano
Utebo;Manu Escribano
Malgrat de Mar;Paloma Bejarano
Villaquilambre;Hermenegildo Diez
Sant Just Desvern;Venceslas Alonso
Lora del Rio;Jimena Adadia
San Lorenzo de El Escorial;Ambar Fabregat
Guadix;Paloma Jodar
Cardedeu;Felix Velazquez
Benicasim;Norberto Cazorla
La Eliana;Jose Duque
Felanitx;Urbano Talavera
Tarifa;Dolores Bolanos
La Nucia;Benito Benavides
San Celoni;Edmundo Torrens
El Astillero;Sara Tamayo
Manzanares;Florinda Benitez
Torrox;Belen Angulo
Huercal de Almeria;Nicodemo Rios
Daimiel;Bienvenida Mendoza
Caldas de Montbuy;Fabio Herranz
Benavente;Jose Mari Mariscal
Nigran;Celso Bolanos
Munguia;Epifanio Sales
Osuna;Goyo Agullo
Bailen;Juan Jose Bello
Castilleja de la Cuesta;Chus Amo
Balaguer;Delfina Valenciano
Tarrega;Teodoro Sotelo
Sangenjo;Emma Marti
Tabernes de Valldigna;Alex Arias
Pozoblanco;Goyo Tapia
Barbastro;Aranzazu Montalban
Navalmoral de la Mata;Arcelia Bolanos
Guernica y Luno;Marco Jove
Poyo;Lope Machado
Mula;Inocencio Recio
Vera;Cecilia Cervera
Bermeo;Jose Ignacio Porta
Canovellas;Luciano Valenciano
Zafra;Dan Prieto
Fuente-Alamo de Murcia;Rosalinda Larrea
Berga;Miguel Angel Tejera
Rojales;Julian Sanchez
La Garriga;Chema Cuadrado
Pollensa;Jordi Benet
Montornes del Valles;Cloe Zapata
Ubrique;Guadalupe Carnero
Los Alcazares;Angel Olive
Albal;Flavia Boada
Torredembarra;Ascension Galvez
Guadarrama;Gaston Arellano
La Algaba;Fermin Campoy
Manilva;Carlos Lorenzo
Las Cabezas de San Juan;Rocio Priego
Santomera;Carmina Pereira
Arzua;Soraya Gutierrez
Sada;Ivan Oliver
Masamagrell;Remedios Hoyos
Piera;Joaquina Rozas
Alcaniz;Marisela Aramburu
Arenys de Mar;Macario Duenas
Guardamar del Segura;Fito Estrada
Ermua;Jeremias Belda
Espartinas;Angeles Tolosa
Baeza;Ale Marin
Lumbreras;Carlota Olmo
Cubellas;Modesta Costa
Santa Cruz de la Palma;Marianela Lujan
Churriana de la Vega;Cecilio Mena
La Roda;Nieves Belda
Miguelturra;Marcela Arrieta
La Solana;Africa Manso
Chiva;Maria Teresa Almagro
Vieiro;Chuy Llobet
Punta Umbria;Cruz Vilanova
Fraga;Ale Santamaria
La Carolina;Dimas Gallart
Azpeitia;Tristan Lujan
Cizur Mayor;Gabriel Briones
Vergara;Amaya Iglesias
Arnedo;Marcos Guerra
Benetuser;Sarita Echevarria
Santa Ursula;Hector Flor
San Carlos de la Rapita;Albina Gallo
Corbera de Llobregat;Ariel Saez
Canet de Mar;Aitana Juarez
Cehegin;Marianela Perez
Gondomar;Maristela Caballero
Andoain;Eustaquio Company
Meco;Jose Antonio Castaneda
Mollerusa;Virgilio Moya
Villaviciosa;Aroa Collado
Cuevas del Almanzora;Estela Priego
Torello;Encarna Batlle
Bollullos par del Condado;Alex Viana
Ogijares;Brigida Vendrell
Noya;Sabina Franch
Torre del Campo;Ale Morillo
Sopelana;Patricia Fernandez
Carballino;Gerardo Valverde
La Carlota;Esperanza Cobo
Villalba;Aitana Casado
Pilas;Pepito Uriarte
Sanlucar la Mayor;Jose Manuel Sans
Beasain;Blanca Roig
Guia;Chelo Nino
Alginet;Ambar Puerta
La Puebla;Rita Ramon
Cambados;Adrian Alcaraz
Llanera;Esperanza Pol
Torrijos;Ricarda Llopis
Verin;Custodia Vergara
Soller;Emilia Tapia
Torredonjimeno;Teofilo Reguera
La Llagosta;Amalia Fiol
Tomino;Rosario Sarmiento
Cunit;Hugo Andrade
Canals;Marcia Llabres
Llanes;Celestina Rivero
San Agustin de Guadalix;Irma Cordero
Cuarte de Huerva;Yago Palomar
El Barco de Valdeorras;Marcela Arco
Gines;Jose Antonio Nebot
Aguilar;Candido Carbajo
Santa Coloma de Farnes;Estela Valero
Sarria;Milagros Barcena
Campo de Criptana;Mercedes Goni
Nules;Carmelo Nino
Alora;Rufina Escudero
Santa Cruz de Bezana;Abril Noriega
Betanzos;Ruben Arroyo
Abaran;Matias Mir
Pola de Laviana;Walter Solera
Fene;Urbano Ballester
Sant Sadurni d'Anoia;Atilio Pineiro
Santa Margarita;Miguel Bautista
Valverde del Camino;Dionisia Seco
Gibraleon;Paulina Lamas
Villafranca de los Barros;Dora Cases
Vejer de la Frontera;Perlita Santos
Vilanova del Cami;Asuncion Cadenas
Berja;Manu Hoyos
Castellbisbal;Leonardo Arregui
Abrera;Luciano Bayona
Argentona;America Cerezo
Teror;Herminia Valero
Salobrena;Herminia Maldonado
Brenes;Gregorio Estevez
Estepa;Ciro Osuna
Albatera;Elisabet Girona
Ocana;Morena Tur
Santany;Sebastian Barral
Arrigorriaga;Jeronimo Moraleda
Monovar;Adelardo Sobrino
Mongat;Aurea Valencia
Acala del Rio;Fabiola Tovar
Capdepera;Ines Espada
Villamartin;Valerio Tejedor
Bayona;Teresa Lopez
Cangas de Narcea;Ainoa Barranco
Alcudia de Carlet;Tecla Guillen
Albox;Amada Cases
Socuellamos;Nazaret Echevarria
Huetor Vega;Ciro Larranaga
Bolanos de Calatrava;Diego Herrera
Ceuti;Abilio Barco
Benifayo;Luisa Duenas
Bueu;Francisco Jose Lumbreras
La Puebla del Rio;Inmaculada Aranda
Olivenza;Salud Rivero
Son Servera;Maristela Vicente
Medina Sidonia;Mercedes Blanco
Palos de la Frontera;Jennifer Pulido
Jodar;Herminia Alarcon
Azcoitia;Quirino Armas
Palleja;Violeta Villalonga
Picana;Soledad Bonet
Elgoibar;Jessica Abascal
Bullas;Oriana Aguilera
Onate;Severiano Pina
Peligros;Patricia Pinedo
Beniel;Abraham Valls
Utiel;Ignacia Villaverde
Andraitx;Pepe Seco
Laracha;Alcides Luis
Mancha Real;Porfirio Andreu
Benisa;Lorenza Moraleda
Tegueste;Julie Calzada
Campos del Puerto;Nazaret Calleja
Santiago del Teide;Serafina Martinez
Teulada;Zoraida Arregui
Benaguacil;Valero Fabregas
Beniajan;Zacarias Cabeza
Barbadanes;Caridad Grau
San Andres de Llevaneras;Juan Luis Bustos
Sonseca;Atilio Alfonso
Laredo;Elvira Valera
Santona;Ramon Llano
Rianxo;Apolonia Sarmiento
Sant Joan de Vilatorrada;Selena Julia
Meliana;Ulises Teruel
La Puebla de Cazalla;Sonia Cuenca
Bollullos de la Mitacion;Severino Castaneda
Aizoain;Ana Clavero
Lardero;Maria Teresa Morera
Ripoll;Cintia Sebastian
La Palma del Condado;Javi Ramirez
Los Corrales de Buelna;Jeremias Tur
Astorga;Fabian Valverde
Cantillana;Concepcion Marcos
Pola de Lena;Diego Jaume
Villacarrillo;Dionisio Roldan
Berriozar;Lucio Pinol
Tafalla;Americo Botella
Penarroya-Pueblonuevo;Encarnita Jove
Tarazona de Aragon;Almudena Vaquero
Bargas;Custodio Briones
Alberique;Francisco Jose Antunez
Grove;Gertrudis Cervera
Alcaudete;Armando Carretero
Castalla;Sabina Melendez
Alcora;Clarisa Roman
Cabanaquinta;Curro Aliaga
Cassa de la Selva;Eliseo Zabaleta
Huetor-Tajar;Adriana Marin
Sedavi;Fausto Segovia
Pulpi;Epifanio Rocha
Madridejos;Maricruz Adadia
Candas;Maria Angeles Zabala
La Baneza;Francisco Jose Cabanillas
Fortuna;Dani Vara
Luanco;Imelda Pelayo
Amurrio;Soledad Canales
La Escala;Eliana Molins
Villanueva de Arosa;Juanita Olivares
Santa Margarita de Mombuy;Severo Marin
Gelves;Chelo Peinado
Canteras;Ariadna Cuevas
Calasparra;Dalila Julia
Zumaia;Purificacion Pozuelo
Puentes de Garcia Rodriguez;Walter Ballesteros
Illora;Mamen Pintor
Caspe;Nacio Rio
La Guardia;Pepita Asensio
Foz;Lara Lozano
Caudete;David Saez
Mengibar;Julie Montero
Salvatierra de Mino;Delfina Segura
Alella;Cruz Solera
Rute;Jimena Blasco
Pinos Puente;Adelaida Cozar
Villamarchante;Ruth Segovia
El Alamo;Leandro Marin
Ribadeo;Osvaldo Mendez
Mora;Ximena Company
Masanasa;Ramona Mata
Caldas de Reyes;Encarnacion Ferrandez
San Vicente de Castellet;Fermin Manjon
Fuente Palmera;Paula Arrieta
Villarrubia de los Ojos;Sebastian Cal
Alguazas;Edelmiro Ledesma
Binefar;Pancho Recio
Alcarraz;Anastasio Guardiola
Grado;Octavio Rosado
Cuellar;Gabriela Nevado
Fernan-Nunez;Haydee Soto
Santa Maria de Palautordera;Leoncio Narvaez
Alfaro;Esmeralda Gallego
Piedras Blancas;Duilio Alcolea
Miajadas;Martin Pino
Garrucha;Araceli Escriva
Alhendin;Amaya Almazan
Bunol;Amaro Silva
Burela de Cabo;Manu Galan
Matadepera;Agueda Arroyo
Tocina;Carmelita Arias
Alayor;Abigail Amat
Olivares;Albina Jodar
Pizarra;Benito Quiroga
Alcanar;Angelina Sevillano
San Juan del Puerto;Tiburcio Martin
Masquefa;Lourdes Espana
Sevilla La Nueva;Olalla Oliva
Valsequillo de Gran Canaria;Dario Goni
Santa Comba;Salomon Lumbreras
Cervera;Jose Angel Larrea
Puebla del Caraminal;Juliana Leiva
Muro del Alcoy;Geraldo Quero
Montoro;Lucia Ruiz
El Molar;Pelayo Carreno
San Sebastian de la Gomera;Lupe Lamas
Senmanat;Heliodoro Quiros
Colmenarejo;Consuela Blanch
Tabernes Blanques;Amaro Girona
Tineo;Lucila Codina
El Campo;Apolinar Torres
Sabinanigo;Pio Iniesta
Santa Maria de Cayon;Eusebia Duenas
La Victoria de Acentejo;Demetrio Noguera
Rafelbunol;Ale Perello
Solsona;Gabriel Llobet
Arenys de Munt;Silvestre Heredia
Segorbe;Melchor Casals
El Espinar;Custodia Canet
Cervello;Gloria Juan
La Matanza de Acentejo;Itziar Coloma
Cisterniga;Ramiro Montesinos
Umbrete;Rosa Ruiz
Almusafes;Martin Perello
Reinosa;Brigida Aragon
Tiana;Calista Andrade
Sauzal;Domitila Calvo
Manzanares el Real;Marc Serrano
Almagro;Fidela Barrena
Catral;Mauricio Jurado
Loeches;Manola Cantero
Silleda;Hipolito Molins
San Fausto de Campcentellas;Begona Torrecilla
Palomares del Rio;Cecilia Chaves
San Fructuoso de Bages;Maite Duque
Montmelo;Lupita Almazan
Suances;Otilia Pulido
Binisalem;Dario Trillo
Tordesillas;Fanny Alonso
San Lorenzo de Descardazar;Salomon Pont
Cheste;Gerardo Cabrera
Puig;Matias Paez
Padul;Ariel Sola
Villanueva de Cordoba;Lucila Duran
Toro;Serafina Barreda
Llagostera;Adela Cuellar
Colindres;Elisabet Prado
Bembibre;Gertrudis Barrios
Santiponce;Baldomero Hurtado
Polinya;Abigail Bejarano
Herencia;Casandra Robles
El Corrillo;Yessica Baro
Valldoreix;Florencio Espinosa
Reocin;Nelida Serrano
Ondarroa;Lisandro Gascon
Campillos;Teresa Carrasco
Ortuella;Yolanda Morcillo
Padron;Felipe Diaz
Villamediana de Iregua;Elisabet Gil
Cabezon de la Sal;Fernando Verdu
Tona;Vidal Ribas
Monforte del Cid;Liliana Campos
Navia;Rico Heras
Legazpia;Santiago Goni
Olleria;Bernardita Folch
Santa Coloma de Cervello;Ana Belen Canales
Aracena;Fabricio Pino
Monserrat;Reynaldo Portero
Archidona;Ema Cespedes
Chantada;Leonel Cifuentes
Cenes de la Vega;Maribel Ledesma
Puebla de Farnals;Agustin Sanabria
Arico el Nuevo;Ileana Carretero
Carboneras;Guadalupe Pedrosa
Corella;Alex Ballester
Roquetas;Ani Estevez
Villanueva del Arzobispo;Isa Bolanos
Los Santos de Maimona;Omar Conesa
Najera;Nando Agusti
Olvera;Wilfredo Zapata
Cintruenigo;Chuy Martorell
Pinoso;Tadeo Carro
Monachil;Elena Llorente
Pravia;Ruperto Gimenez
Arta;Carmelita Caballero
Arevalo;Susana Segura
Vidreras;Maria Del Carmen Pujol
Almodovar del Rio;Candela Segarra
Redovan;Adela Huguet
Brion;Manuela Barcena
Pedreguer;Manuel Chamorro
Malagon;Olalla Arce
Caldas de Malavella;Carmen Mancebo
Trigueros;Saturnino Rosado
La Puebla de Montalban;Marita Serrano
Villaverde del Rio;Aurelio Oliver
Valencina de la Concepcion;Efrain Anguita
Castro del Rio;Felipa Riera
Puentedeume;Angelica Delgado
Benahavis;Carmela Godoy
Azuaga;Anunciacion Gargallo
Valmaseda;Gertrudis Osuna
Tobarra;Fortunata Carretero
San Esteban Sasroviras;Reina Serna
Marchamalo;Juana Sabater
Peniscola;Eduardo Canals
Gerena;Maxima Gimeno
Gelida;Reyes Campos
Abadiano Celayeta;Renato Fuster
Bornos;Anna Garay
El Paso;Alicia Priego
Sampedor;Yago Campoy
Onil;Olalla Rozas
Vega de San Mateo;Pelayo Cobo
Cee;Serafina Barbera
Cullar-Vega;Catalina Marin
Viladecaballs;Nazaret Azcona
Oroso;Andrea Castrillo
Dolores;Toribio Davila
La Rambla;Ximena Cisneros
Callosa de Ensarria;Alexandra Falcon
Centellas;Eric Reguera
San Nicolas;Diana Torrent
Cobena;Ismael Ordonez
Foyos;Fanny Cortes
Almacera;Baltasar Muro
Villarejo de Salvanes;Jose Manuel Mercader
Cabrils;Ivan Soriano
Santa Eulalia de Ronsana;Ale Pombo
Sotomayor;Anastasia Pujol
Talayuela;Alejo Bolanos
Cox;Trinidad Ferrandiz
Montblanch;Aurea Romero
Valverde de la Virgen;Marciano Arenas
Elorrio;Glauco Capdevila
Albunol;Carmina Sola
Cazorla;Nydia Banos
Andorra;Ainoa Paredes
Bujalance;Ruperta Aranda
Lekeitio;Itziar Conde
Rocafort;Eulalia Cornejo
Begas;Blas Cerda
Pedro Munoz;Reyes Baeza
Guisona;Gabriela Manzanares
Brena Alta;Chita Mata
Lorqui;Hernan Losada
Benacazon;Roman Arcos
Torreperogil;Andrea Benavent
Berango;Manola Puga
Villamayor;Albino Amor
Cercedilla;Abigail Escalona
Huescar;Narcisa Roura
Fuentes de Andalucia;Tadeo Gallardo
Durcal;Crescencia Oller
Collado Mediano;Isaac Torrent
Arechavaleta;Flavio Tellez
Finestrat;Eli Nunez
Ondara;Isaura Larrea
Villa del Rio;Maria Del Carmen Velasco
Massanet de la Selva;Elisa Rojas
Montellano;Agata Jodar
Astigarraga;Josefa Cases
San Clemente;Narciso Pinto
Benalup de Sidonia;Eusebia Hervas
Vimianzo;Rosa Torres
Argamasilla de Alba;Alonso Marcos
Puerto Serrano;Virginia Puig
Bigastro;Guadalupe Saez
Naquera;Elpidio Ibanez
Bunola;Marcelino Aroca
Guarena;Aurea Escribano
Casares;Primitivo Galiano
Infiesto;Leonardo Domenech
La Ametlla de Mar;Josefina Garces
Paradas;Angelino Castejon
Vacarisas;Yesica Aleman
Almacellas;Marcia Nieto
Fuente el Saz;Luna Suarez
Negreira;Flavia Gisbert
Roda de Bara;America Pombo
Mojacar;Emilio Barragan
Burguillos;Candido Martorell
Canet de Berenguer;Luis Miguel Ripoll
Marmolejo;Mateo Roldan
Guenes;Raul Porcel
San Luis;Candido Gimenez
Sallent;Pepita Ramirez
Derio;Blanca Blasco
Turis;Amelia Becerra
Fuente del Maestre;Jennifer Pereira
Moncofar;Nacio Ortega
Jimena de la Frontera;Roberta Aroca
Hinojosa del Duque;Francisca Sanjuan
Moraleja;Eustaquio Losada
Cedeira;Elias Iglesias
Constanti;Luis Benitez
Bergondo;Federico Rivera
Taradell;Montserrat Guardiola
Las Pedroneras;Fatima Zaragoza
Alcala de Chivert;Vanesa Pou
Arbucias;Brunilda Pons
Museros;Pastora Urrutia
Villanueva del Ariscal;Febe Melendez
Briviesca;Manola Jauregui
Riudoms;Emiliano Vilar
Blanca;Carlos Cazorla
Arges;Raul Losa
Algarrobo;Florentino Tejera
Velez Rubio;Melisa Lerma
Valdovino;Gerardo Corominas
Jaraiz de la Vera;Rosa Maria Peral
Llissa de Vall;Maxi Alberola
Roda del Ter;Bonifacio Aranda
Carral;Hilario Balaguer
Villamuriel de Cerrato;Albano Escamilla
Herrera;Javi Grande
San Vicente de Mont-Alt;Nico Rosales
Teya;Alexandra Solana
Venta de Banos;Jacobo Vazquez
Moya;Cristian Cardona
San Feliu de Codinas;Liliana Cabrera
Miraflores de la Sierra;Victor Manuel Balaguer
Puebla de Alfinden;Micaela Mur
Pereiro de Aguiar;Candido Bauza
San Adrian;Andres Angulo
Arenas de San Pedro;Marcos Larranaga
Iscar;Tadeo Suarez
San Miguel de Salinas;Clotilde Perello
Rosal;Olegario Roda
Santo Domingo de la Calzada;Margarita Salazar
Alpicat;Rosalia Camps
Olula del Rio;Amarilis Ibarra
Allariz;Pascuala Pera
Gata de Gorgos;Pili Llabres
Zaratan;Florentina Arregui
Sils;Juan Luis Serrano
San Antonio de Vilamajor;Haydee Moraleda
Tarazona de la Mancha;Sandalio Nunez
Urnieta;Nicodemo Mendez
Almensilla;Prudencio Cabrera
Usurbil;Celso Tejedor
Calamonte;Paca Alvarez
Porcuna;Gracia Barroso
Outes;Brunilda Villaverde
Lloseta;Teofila Barrio
Nazaret;Anabel Barrera
Lezo;Candelaria Ferrera
Abanilla;Herminio Agullo
Orio;Amelia Morata
Almenara;America Lobo
Aznalcollar;Luisina Mosquera
Torrellas de Llobregat;Nicolasa Cuenca
Bonares;Dionisio Zaragoza
Navarcles;Anita Manzanares
Los Villares;Vanesa Galvan
Navas;Flora Rio
Almodovar del Campo;Clara Vicens
Viator;Jordi Sans
La Canonja;Loida Carvajal
Coristanco;Tadeo Lorenzo
Suria;Inmaculada Bermudez
Membrilla;Ambrosio Iglesias
Vilaboa;Chus Riera
Albaida;Aureliano Pazos
Tremp;Hortensia Cabrero
Gojar;Benita Benavides
Guadasuar;Gema Sandoval
Gorliz-Elexalde;Maribel Pomares
Los Yebenes;Teodoro Aranda
Villabona;Maribel Cerro
Guardo;Rosario Muniz
Alhama de Granada;Ainara Alvarado
Constantina;Azahara Ruano
Argamasilla de Calatrava;Soraya Porcel
Puebla de la Calzada;Raquel Zorrilla
Lazcano;Cipriano Luz
Ares;Eugenio Zapata
Valga;Eligia Ibanez
Brena Baja;Pedro Gisbert
Algaida;Begona Nino
Orjiva;Humberto Raya
Castuera;Aurora Suarez
Beniganim;Sarita Peiro
Arroyo de la Luz;Cruz Alfonso
Artes;Isidoro Ortiz
Huelma;Beatriz Rueda
Llerena;Vera Tejada
Medina de Pomar;Esperanza Ruano
Cartes;Leocadia Tapia
Montehermoso;Valentina Vidal
San Hilario Sacalm;Custodio Gallart
Ribadesella;Graciela Berenguer
La Selva;Candelaria Moran
Angles;Gaspar Cabrero
Dosrius;Paulina Coll
Celanova;Juan Carlos Sandoval
La Cenia;Baudelio Reig
Aldeamayor de San Martin;Anunciacion Tena
Santa Marta de Ortigueira;Elba Alcolea
Esquivias;Cirino Bartolome
Alaro;Marcio Azcona
Arafo;Maximiliano Bernad
Prado del Rey;Tomas Villa
Porreras;Pio Llobet
Torreblanca;Mercedes Andrade
Nueva-Carteya;Vidal Canellas
Salteras;Gabriela Dieguez
Celra;Dalila Calderon
Yeles;Bibiana Gallego
Chauchina;Gil Coll
La Guancha;Maria Luisa Tirado
Puente Caldelas;Oscar Cespedes
Arjona;Maxi Amores
Algodonales;Salomon Coloma
Vilanova de la Roca;Remedios Montalban
Guitiriz;Edelmiro Nogues
Alfacar;Amanda Patino
Macael;Paola Arteaga
Aceuchal;Onofre Torrents
Almazan;Violeta Bayona
Pulianas;Anna Aguilar
Deba;Jose Angel Zaragoza
Paterna de Rivera;Isaac Ricart
Benejuzar;Felipe Moya
Casariche;Narcisa Casado
San Pol de Mar;Tere Casado
Vilafant;Felipe Bellido
Chinchon;Ingrid Patino
Agramunt;Omar Marques
Abegondo;Berto Bartolome
Borriol;Cristian Orozco
San Ciprian de Vinas;Gaspar Plaza
Alameda;Roberta Amoros
San Vicente de Alcantara;Ramon Novoa
Valencia de Alcantara;Montserrat Torrecilla
Malpica;Domitila Revilla
Capellades;Dimas Rozas
Cigales;Rodrigo Castilla
Librilla;Bautista Salgado
Meano;Roque Alamo
Parres;Marita Lamas
Talavera La Real;Vanesa Frias
Montefrio;Nico Pombo
Mutriku;Yaiza Goicoechea
Villanueva del Trabuco;Benito Lobato
Altafulla;Severino Tejada
Alburquerque;Kike Tena
Santa Cristina de Aro;Adoracion Anton
San Ildefonso;Ariadna Quintanilla
Ayora;Etelvina Cozar
Mollina;Gabino Maldonado
Nava;Basilio Escobar
Valencia de Don Juan;Sonia Caballero
Simancas;Maria Manuela Angel
Entrambasaguas;Lupe Parra
Peal de Becerro;Jeronimo Correa
La Campana;Lisandro Escobar
Sarria de Ter;Primitiva Calvo
Alcala de los Gazules;Graciana Boada
Bellpuig;Carina Mena
Mugardos;Bernardita Angulo
Otero de Rey;Paloma Agusti
Camarinas;Teresita Morcillo
Moral de Calatrava;Renato Iniesta
Cajar;Sabina Quiros
Almaden;Sebastian Vilar
Quesada;Noa Millan
Gualchos;Ofelia Alvarado
Pedrera;Amanda Crespi
Las Navas del Marques;Maria Pilar Simo
Norena;Paz Manuel
Alcover;Donato Cazorla
La Caniza;Jose Carlos Rivero
Iznalloz;Gala Almeida
Alcudia de Crespins;Jose Manuel Angulo
Esporlas;Evita Pozuelo
Ribadumia;Montserrat Montserrat
Beas de Segura;Beatriz Barreda
Ses Salines;Goyo Huguet
Oliva de la Frontera;Febe Morata
Sariegos;Carina Olivares
La Puebla de Almoradiel;Elena Lozano
Castro de Rey;Amancio Agullo
Valverde;Pastora Arino
Marquina-Jemein;Pepe Suarez
Polop;Cesar Rio
Los Montesinos;Trini Ochoa
Penafiel;Julian Alegria
Alcala del Valle;Pancho Elias
Candeleda;Remedios Riquelme
Neda;Seve Rodrigo
Ribadavia;Mireia Armas
Cerceda;Amor Llorens
Vedra;Eusebia Quesada
Cacabelos;Fabian Alarcon
Bescano;Amando Bertran
Salvatierra;Tere Otero
Borja;Celso Gomila
Benameji;Fulgencio Giron
Carranque;Eligio Sainz
Gironella;Obdulia Agusti
Isla de Arosa;Narciso Agustin
Cudillero;Andres Redondo
Ferrerias;Jose Miguel Gutierrez
Salas;Ildefonso Yanez
Castilblanco de los Arroyos;Amilcar Jaen
Miengo;Paola Ripoll
Sollana;Bonifacio Barbero
Garachico;Adriana Patino
Infantes;Eloy Pablo
Villafranca de Cordoba;Dorita Mena
Campanario;Otilia Torralba
Pallaresos;Crescencia Pedrero
Villanueva del Rio y Minas;Juliana Sevillano
Lodosa;Jose Antonio Haro
Fregenal de la Sierra;Samu Domenech
El Viso de San Juan;Benita Manuel
Martorellas;Teodora Valcarcel
Cabeza del Buey;Cristian Camino
Agost;Ruth Escolano
Buenavista del Norte;Rosalina Ramon
Enguera;Baldomero Quintero
Meis;Marta Gomis
Cabrera de Mataro;Clotilde Garriga
Los Silos;Julio Cesar Estrada
Pozo Alcon;Perlita Blanes
Villanueva de Gallego;Corona Sanchez
El Coronil;Flavio Llobet
Campa;Sosimo Amo
Canyellas;Emilio Pineda
Finisterre;Elias Mur
Torrefarrera;Oscar Almeida
Fuente de Cantos;Leandra Caballero
Cazalla de la Sierra;Perla Gimenez
Porqueras;Emma Matas
Sotillo de la Adrada;Candido Criado
El Pino;Paloma Abril
Cardona;Celso Costa
Madrigueras;Ursula Rossello
Ayelo de Malferit;Azahar Mateo
Arboleas;Julio Lozano
Autol;Jose Luis Martin
Bellreguart;Lupe Zurita
Dona Mencia;Daniel Piquer
Santaella;Pia Llorens
Medina de Rioseco;Ramona Prada
Cortegana;Manuela Duran
Malpartida de Plasencia;Nicanor Molins
Tazacorte;Maristela Carbonell
Aznalcazar;Delia Salamanca
Berriz;Aurora Pelayo
La Luisiana;Cecilia Corbacho
Quintana de la Serena;Federico Peralta
Catllar;Carlos Bosch
Fuentes de Ebro;Ruy Marmol
Collbato;Candelario Figuerola
San Pedro de Vilamajor;Angelica Crespo
Casas Ibanez;Teobaldo Tudela
Rois;Buenaventura Prieto
Fuente Obejuna;Fatima Mateos
Casar de Caceres;Aurelio Blanco
Benahadux;Nicodemo Briones
Santovenia de Pisuerga;Horacio Guillen
Hornachuelos;Ernesto Ortega
Villamanrique de la Condesa;Espiridion Diaz
Montalban de Cordoba;Tomasa Leiva
Puebla Larga;Rosario Escudero
Benitachell;Noa Cabeza
Los Molinos;Abilio Ortiz
Mondariz;Abraham Teruel
Navalvillar de Pela;Nico Domenech
Cospeito;Marisa Pacheco
Zas;Rico Busquets
Fabero;Salome Bilbao
Fuente Vaqueros;Cecilia Capdevila
Piedrabuena;Marisela Medina
Epila;Leopoldo Otero
Valmojado;Leopoldo Artigas
Villalonga;Eligia Arnau
El Carpio;Marina Corbacho
Plencia;Jose Ignacio Quintanilla
Beas;Che Cruz
Ampuero;Celia Amigo
Barcena de Cicero;Juana Lerma
Siguenza;Adrian Espana
Puigreig;Porfirio Machado
Hostalrich;Angelina Quintero
Formentera de Segura;Melisa Lluch
Castejon;Sandalio Barcena
Ibarra;Eloy Ribes
Cadrete;Ariadna Delgado
El Saucejo;Ricarda Carrera
Santillana;Marcial Pedro
Cervo;Juan Luis Jorda
Sodupe;Pancho Torrecilla
Monesterio;Maristela Santamaria
Boqueijon;Julia Goni
Chinchilla de Monte Aragon;Petrona Pelaez
Yebes;Elpidio Pastor
Frontera;Reyes Ponce
Sarinena;Rodrigo Tena
Los Sauces;Armando Blazquez
El Tiemblo;Gaspar Crespi
La Roda de Andalucia;Dionisia Quevedo
Papiol;Gracia Iniesta
Valverde de Leganes;Elvira Palomino
San Clemente de Llobregat;Maria Manuela Pereira
Albuixech;Ulises Sole
Miravalles;Oscar Gaya
Boecillo;Lara Pla
Villanueva de Algaidas;Chus Marco
Morana;Gracia Paredes
Orcoyen;Natalio Vidal
Bocairente;Luis Miguel Atienza
Adamuz;Marianela Pujol
Iznajar;Jovita Contreras
Murchante;Felicia Coll
Consell;Chema Sebastian
Niebla;Albert Jordan
Beriain;Florentina Pinto
Escoriaza;Jose Antonio Donaire
Pechina;Gema Bou
Camponaraya;Carmelita Santamaria
San Vicente de la Barquera;Ariel Alcaraz
Santa Cruz de Mudela;Damian Diez
Arriate;Nydia Roman
Selva;Tatiana Alvarez
Arroyo de San Servan;Clara Rebollo
Malpartida de Caceres;Juan Francisco Minguez
Pinseque;Heraclio Mora
Villamalea;Gerardo Juan
Dalias;Eliana Valentin
La Guardia de Jaen;Telmo Ripoll
Curtis;Mamen Cadenas
Castillo de Locubin;Oscar Lago
Albalat dels Sorells;Maxi Uribe
Sineu;Manuelita Villanueva
Caniles;Ariel Morell
La Lastrilla;Rafa Roldan
Talamanca de Jarama;Amarilis Canals
Olite;Cirino Lopez
Santa Amalia;Albert Morcillo
La Pobla de Mafumet;Lucas Cortes
Competa;Dario Porras
Hinojos;Valerio Cobo
Hervas;German Guerra
Cascante;Consuela Salvador
Yuncler;Isidora Losa
Los Corrales;Wilfredo Abad
Olivella;Vicenta Alfaro
Alosno;Agapito Dieguez
San Gregorio;Lucila Ramirez
Veigas;Fanny Linares
Placencia;Adolfo Robles
Pradejon;Cleto Pinedo
Carnota;Gregorio Conde
Bagur;Rico Tudela
Rincon de Soto;Noa Infante
Sabiote;Natanael Vicente
Villargordo;Abel Marques
Espera;Francisco Sans
Montemayor;Ramon Barriga
Jun;Nerea Jauregui
La Lantejuela;Sancho Vilanova
Pliego;Bernardita Bayona
Luarca;Maria Del Carmen Ortiz
Mazaricos;Rufino Vina
Balenya;Marisa Jaume
Azagra;Tania Almansa
Calanda;Isaias Quevedo
Ojen;Concepcion Lobo
Minas de Riotinto;Carlos Diez
Villasana de Mena;Yessica Ariza
Nieves;Juan Manuel Lozano
Soto del Barco;Marcio Caparros
Quart d'Onyar;Juan Francisco Esteban
Almogia;Irene Sanmiguel
Turre;Nelida Uriarte
Carino;Duilio Tena
Cestona;Romulo Flores
Breda;Maria Lluch
San Bartolome de la Torre;Maria Belen Milla
El Franco;Aristides Granados
Vera de Bidasoa;Juan Francisco Benavente
La Robla;Rufina Minguez
Teba;Flor Barriga
Morell;Modesta Calzada
Bonrepos y Mirambell;Jordana Fuentes
Ribaforada;Ismael Figueroa
Espluga de Francoli;Genoveva Palomares
La Alameda de la Sagra;Porfirio Vazquez
Magan;Oriana Girona
Gilena;Sergio Roman
Tabernas;Lorena Azorin
Santa Barbara;Severo Trujillo
Alhama de Almeria;Ariadna Colom
Valdepenas de Jaen;Maximino Flores
Olvega;Reina Manjon
Cangas de Onis;Brigida Belmonte
Odena;Anacleto Maza
Yurreta;Viviana Ramirez
Friol;Bienvenida Barrena
Calaf;Jose Antonio Echevarria
Biar;Lalo Puerta
Lopera;Emiliano Jaume
Olmedo;Marc Palomo
Llosa de Ranes;Ines Madrid
Penaflor;Nuria Oller
Bisbal del Panades;Herberto Castilla
La Calzada de Calatrava;Samanta Andrade
Casabermeja;Maria Infante
Barro;Juana Perello
Villa de Don Fadrique;Iker Mendez
Moclin;Tomasa Llopis
Jove;Consuelo Aliaga
Cuevas de San Marcos;Maria Carmen Benito
Altura;Visitacion Pi
Pedrola;Amelia Lumbreras
Godelleta;Bartolome Sevillano
Arjonilla;Ruy Aviles
Navahermosa;Goyo Duran
Faura;Pastora Gallo
Santa Susana;Remigio Hoz
Tijola;Natalio Bautista
Zalamea de la Serena;Maxi Julian
Seva;Dominga Pazos
San Hipolito de Voltrega;Perlita Buendia
Mondonedo;Graciano Somoza
Hornachos;Humberto Calvo
Villar del Arzobispo;Macario Garate
Rus;Nazaret Echevarria
Lanjaron;Samuel Bravo
Mendavia;Paulina Pacheco
Elche de la Sierra;Benigno Azorin
Los Molares;Celestino Nino
Lachar;Noemi Correa
Las Ventas de Retamosa;Nicolasa Blazquez
Lemorieta;Marisela Pereira
Juneda;Inocencio Cabrera
Viella;Roman Hoyos
Herrera del Duque;Enrique Guzman
Tamarite de Litera;Juan Manuel Alegre
Barcarrota;Jesusa Avila
Albelda de Iregua;Elisabet Santana
Villafranca de Bonany;Cayetana Riquelme
Porzuna;Maria Paez
Paterna del Campo;Bonifacio Aguado
Milagro;Leocadia Valle
San Cipriano de Vallalta;Ramona Villalobos
Alcoletge;Raul Cabello
Munera;Benjamin Arias
Villaconejos;Melchor Soler
Corgo;Nereida Villar
Cijuela;Miguel Angel Reyes
La Bana;Debora Yuste
Vinalesa;Maria Pilar Marquez
Flix;Melisa Taboada
Colmenar;Amparo Mugica
Talarrubias;Paola Girona
Gilet;Adela Albero
Zarza de Alange;Felicia Ramirez
Artesa de Segre;Hector Bayon
Elizondo;Azeneth Luque
Fonsagrada;Julio Cesar Barral
Sancellas;Luisa Esteban
El Rubio;Ofelia Pina
Villalba del Alcor;Edgardo Pablo
Cantoria;Carla Serna
Graus;German Rosa
Carracedelo;Zaida Tamayo
Villanueva del Fresno;Ruben Marti
Villanueva del Rosario;Mohamed Alemany
Almenar;Ildefonso Aguado
Carinena;Martin Pino
Santa Oliva;Lucas Manuel
Alcolea del Rio;Nazaret Galvez
Castropol;Godofredo Pardo
Vilovi de Onar;Fermin Granados
Catoira;Pepe Lucas
Albalat de la Ribera;Norberto Murcia
Palas de Rey;Haroldo Ibarra
Canada Rosal;Amparo Fernandez
La Junquera;Ariel Galan
Sierra de Yeguas;Luis Ballester
Antas;Armando Marques
Pedrajas de San Esteban;Arcelia Aranda
Forcarey;Adelia Bayona
Santa Cruz del Retamar;Consuelo Figueroa
Alcorisa;Andres Felipe Santana
Humilladero;Amado Porras
Simat de Valldigna;Pascual Carbajo
Coana;Amor Amores
Benijofar;Samuel Canovas
Villanueva de la Concepcion;Ileana Molina
Alfara del Patriarca;Anna Tormo
La Ampolla;Nuria Olmo
Escalona;Evelia Diez
Zamudio;Cristina Hurtado
Jamilena;Alberto Almazan
San Mateo de Gallego;Bernardino Campillo
Lousame;Anacleto Carreras
San Martin Sarroca;Ani Figuerola
Lucena del Puerto;Julio Cesar Pou
Tordoya;Agustina Mata
Mojados;Jovita Lorenzo
Ribera del Fresno;Emelina Solano
Belalcazar;Josep Velez
Molina de Aragon;Regina Arana
San Juan de Moro;Febe Cervera
Campdevanol;Violeta Pellicer
San Juan de las Abadesas;Pancho Blanch
Cebolla;Alba Trujillo
Fuente el Fresno;Candido Arino
Colunga;Saturnina Villalonga
Albaida del Aljarafe;Ambrosio Alberdi
Villaviciosa de Cordoba;Otilia Quiroga
Balsareny;Leonel Boada
Serra;Hernando Rodriguez
Cortes;America Camara
Oza de los Rios;Sergio Sacristan
Cebreros;Amalia Luz
Fuenmayor;Eliseo Perez
Sant Julia de Vilatorta;Teodosio Gomis
Algorfa;Simon Barros
La Pola de Gordon;Abraham Valencia
Moraleda de Zafayona;Candela Pedrosa
Villanueva de Rio Segura;Evita Borja
Mora la Nueva;Aurelia Goicoechea
Sant Pau d'Ordal;Florentino Villar
Santa Maria del Paramo;Rufina Matas
Carrion de Calatrava;Catalina Bolanos
Vallada;Armando Barbero
Gandesa;Dorotea Esparza
Puebla de Guzman;Teresita Pedrosa
Navacerrada;Iban Miro
Cistierna;Heraclio Alsina
Periana;Marcial Blazquez
Badolatosa;Virginia Suarez
Busot;Federico Puente
Coles;Luciana Nogues
Burguillos del Cerro;Cristina Boix
Cortes de la Frontera;Olivia Exposito
Frigiliana;Amador Macias
Castellar de la Frontera;Rosario Hurtado
Zalamea la Real;Reynaldo Arnal
Aroche;Daniela Mur
Puentecesures;Albina Hernandez
Cadalso de los Vidrios;Abraham Aranda
Benamocarra;Reyna Roldan
Zaldivar;Tere Priego
Sant Joan les Fonts;Carmen Mendez
Fuensanta de Martos;Leocadia Zorrilla
Villanueva de la Reina;Jordan Almeida
Fuente de San Luis;Cleto Gamez
Alguaire;Jennifer Muro
Agreda;Leonardo Milla
Estartit;Reyes Millan
Cizurquil;Chuy Pedro
Caldas de Estrach;Narcisa Mur
Trazo;Quique Tur
Toreno;Esmeralda Noguera
Utrillas;Jose Angel Cerro
Mallen;Gil Barranco
Navarres;Eva Maria Nieto
Lage;Vito Quevedo
Vallgorguina;Roldan Losa
Montuiri;Merche Calderon
Els Hostalets;Jaime Palomares
La Puebla de los Infantes;Cruz Aguado
Begonte;Guiomar Soriano
Cabanes;Lorenzo Benavente
Luque;Milagros Crespo
Villarejo de Orbigo;Lucas Izquierdo
Morales del Vino;Roque Diez
Torralba de Calatrava;Maxima Jaume
Leiza;Josefina Patino
Pastoriza;Cloe Gilabert
Saldana;Maria Cristina Bustamante
Montroy;Nereida Casado
Zurgena;Sosimo Mateos
San Esteban de Gormaz;Cristobal Padilla
Barreiros;Jenny Esteve
Canete de las Torres;Onofre Elias
Belmez;Guadalupe Macias
Torrejoncillo;Hector Somoza
Portas;Tristan Bertran
Los Gallardos;Romulo Villena
Alonsotegui;Candela Cervantes
Velez de Benaudalla;Amaya Gil
Puente la Reina;Paulino Montserrat
Villablanca;Teofila Esteban
Pobla de Montornes;Cristian Cerda
Villafranca;Sosimo Roura
Vallehermosa;Herminia Goicoechea
Ramales de la Victoria;Vilma Otero
Pegalajar;Arcelia Aviles
Yunquera;Mohamed Saldana
Ricla;Pia Carrasco
San Esteban de Palautordera;Flavia Pina
Marcilla;Maria Angeles Falco
Calatorao;Elisabet Oliva
Guejar-Sierra;Esteban Agullo
Vall d'Alba;Gregorio Belmonte
Villafranca del Bierzo;Ignacio Sancho
Tanque;Liliana Cespedes
Puente Viesgo;Angel Flores
Maceda;Prudencio Torrents
Castilleja de Guzman;Violeta Echeverria
Castellvell;Gustavo Iglesias
Ibros;Efrain Osorio
Perello;Cirino Sanchez
Villanueva de los Castillejos;Salomon Egea
Viana del Bollo;Danilo Tamarit
Pedro Abad;Enrique Rodriguez
Pedralba;Fabricio Rovira
Illueca;Martin Viana
Jarandilla de la Vera;Natalio Garzon
Catadau;Cecilio Godoy
Caparroso;Ismael Luis
Torrenueva;Celestina Coloma
Getaria;Anibal Agullo
Pozo-Canada;Genoveva Cabanillas
San Saturnino;Fidela Calderon
Casinos;Pilar Antunez
Genoves;Carmelo Benavides
Golmayo;Amarilis Franco
Aoiz;Adolfo Fajardo
Zahinos;Ariadna Castell
Molvizar;Veronica Garzon
Villanubla;Virgilio Baquero
Calanas;Gaspar Hoyos
Alfarras;Emilio Noguera
Lobon;Marianela Marquez
Dodro;Roberto Jover
Lesaca;Liliana Maza
Piles;Eloisa Redondo
Villarta de San Juan;Fausto Egea
Guarroman;Primitivo Bernal
La Cabrera;Cosme Arnal
Tielmes;Arturo Vara
Falset;Lara Gonzalo
Riogordo;Isabela Roldan
El Bonillo;Rico Coello
Linola;Rosalva Sierra
Losar de la Vera;Pancho Abellan
Taboada;Perlita Querol
El Gurb;Remigio Fernandez
Maside;Amaro Marti
Monda;Juanito Miralles
Cadaques;Jose Manuel Bello
Los Santos de la Humosa;Manolo Mateo
Miramar;Maria Coca
Cambil;Concha Pinilla
Basigo de Baguio;Maria Pilar Acero
Puebla de Sancho Perez;Fermin Plaza
Santa Coloma de Queralt;Damian Godoy
Poblete;Celestina Paredes
Torrenueva;Lourdes Benitez
Martin de la Jara;Alberto Zaragoza
Fuente de Piedra;Amelia Barcena
Llombay;Carmen Checa
Campanet;Adoracion Arnaiz
Pons;Vasco Calderon
Orellana la Vieja;Cloe Rodenas
Guevejar;Encarna Campoy
Guntin;Victor Agullo
Oropesa;Maximiliano Azcona
San Jaime dels Domenys;Claudio Llano
Duenas;Aroa Guillen
Salar;Obdulia Gascon
Anna;Cristian Balaguer
Yeste;Leire Arranz
Guadalcanal;Dan Canales
Pruna;Aitor Moran
Prats de Llusanes;Asdrubal Sevillano
Solana de los Barros;Lidia Perez
Deifontes;Jose Manuel Cuesta
Menasalbas;Victorino Amador
Castroverde;Amilcar Pozo
Marinaleda;Espiridion Hierro
Granja de Rocamora;Trinidad Caparros
Cartelle;Renato Cuesta
Noja;Arcelia Blazquez
Lancara;Evita Portero
Arbo;Melisa Bonilla
Banos de la Encina;Amancio Armengol
Cella;Belen Luis
Aytona;Sergio Ferrero
Gallur;Bernarda Mesa
Chozas de Abajo;Florina Galan
Lillo;Paula Caballero
Vallromanas;Marcela Ariza
Masalfasar;Candelaria Vargas
Alcuescar;Rebeca Galan
Puntallana;Jesusa Yuste
Castelltersol;Dionisio Casanova
La Gineta;Primitiva Ariza
Carrion de los Cespedes;Nelida Castello
Zujar;Mar Ferrando
La Adrada;Leoncio Bueno
Lerma;Cruz Murillo
Real de Gandia;Eli Guzman
Villasequilla de Yepes;Adan Villalonga
Monterrey;Coral Capdevila
Ugijar;Plinio Marcos
El Viso;Eloisa Cuevas
Puebla del Duc;Paca Arnal
Casarabonela;Narciso Martin
Ayguafreda;Maximiliano Dalmau
Torreblascopedro;Eli Peiro
Tijarafe;Amaro Armengol
Ardales;Sigfrido Blazquez
Favareta;Genoveva Arco
Valle de Abdalagis;Herminio Lerma
Carcastillo;Felipa Pedrero
Echarri-Aranaz;Mercedes Chaves
Mesia;Jorge Martorell
Madronera;Anita Cortina
La Romana;Lorena Manso
Huesa;Maricruz Santiago
Besalu;Seve Anton
Monreal del Campo;Rosalinda Aguilera
El Burgo de Ebro;Zacarias Borrego
Ablitas;Adelia Benavente
Fustinana;Joan Lopez
Baralla;Lara Talavera
Almoines;Matilde Viana
Sahagun;Arturo Daza
Fuente-Alamo;Guadalupe Rosales
Chella;Fabian Caro
San Pedro de Torello;Ainoa Amaya
Albinana;Jessica Elias
Algarinejo;Xavier Novoa
Cesuras;Eulalia Alcalde
Alberite;Rosa Fabregat
Funes;Marisol Frias
Benavides;Olegario Beltran
Manuel;Maria Luisa Mata
Sorbas;Seve Bueno
Valderrobres;Iban Guitart
El Provencio;Martin Alfaro
Valtierra;Guillermo Perez
San Lorenzo de Hortons;Claudia Arevalo
Los Navalmorales;Magdalena Jurado
San Lorenzo Savall;Encarna Bello
Morella;Sandalio Minguez
Fontanar;Leonel Maestre
Vilallonga del Campo;America Tovar
Espiel;Gloria Sole
Cornella de Terri;Victorino Montserrat
Torrellas de Foix;Pascual Duran
Lama;Felix Manuel
Llorens del Panades;Bartolome Guzman
Ayegui;Claudio Roman
Pals;Fernando Ledesma
Dos Torres;Ricardo Baquero
Rodeiro;Jeronimo Alsina
Pina de Ebro;Miguel Angel Cabrero
Agullent;Imelda Mateo
San Pedro de Riudevitlles;Gema Espana
Almudebar;Maximiliano Rocamora
Portillo;Sabina Cerda
Carcabuey;Fulgencio Marcos
Almedinilla;Zaira Serrano
Torres de Segre;Arcelia Sandoval
Grijota;Francisco Arino
La Garrovilla;Lidia Galan
Rafelguaraf;Baltasar Mercader
Toen;Rosa Maria Montalban
El Palmar de Troya;Macarena Marmol
Alfajarin;Baldomero Cabezas
Falces;Berto Guitart
Berlanga;Perlita Guillen
El Barco de Avila;Horacio Toro
Balazote;Nadia Valderrama
El Cerro de Andevalo;Maxi Bello
Monterrubio de la Serena;Demetrio Piquer
Abadin;Teodoro Sala
San Quintin de Mediona;Primitivo Oliveras
Las Mesas;Julian Ripoll
Purullena;Octavia Anguita
Golada;Albino Melendez
Frades;Adoracion Lillo
Murguia;Soraya Poza
Castellon de Rugat;Tamara Amor
Llubi;Graciana Pozuelo
Camprodon;Poncio Pons
Idiazabal;Barbara Escolano
Benisano;Roxana Castaneda
La Victoria;Vilma Sacristan
Avinyo;Amando Gibert
Arroyo del Ojanco;Pelayo Rodriguez
Arguedas;Sigfrido Guerrero
Escacena del Campo;Blas Godoy
Guaro;Anabel Bayon
Alcaucin;Marino Frutos
Mequinenza;Primitivo Mancebo
Santa Eugenia de Berga;Evaristo Casado
Cervera de Pisuerga;Apolinar Sole
Medellin;Adelardo Mugica
Benimodo;Dolores Enriquez
Folgarolas;Jeronimo Casals
Ossa de Montiel;Bernabe Llorente
Alpera;Lucio Roura
Jabugo;Felicia Calderon
Bellvis;Maribel Marquez
Benamaurel;Trini Arnau
Sober;Geraldo Goicoechea
Ajofrin;Azahara Fuster
Torremegia;Hortensia Escolano
Pont de Suert;Desiderio Guardia
Viso del Marques;Francisco Jose Vina
Encinas Reales;Encarnacion Corral
Valverde del Fresno;Luisa Villanueva
Irurzun;Francisco Jose Melero
Maria de la Salud;Ingrid Batlle
Oria;Benigna Peiro
Puebla de Don Fadrique;Claudia Sanz
Bellvey;Edu Morera
Albatarrech;Anunciacion Rodriguez
La Puerta de Segura;Carmen Llano
Orba;Juan Bautista Pedrero
Carrizo de la Ribera;Graciana Alegria
Chucena;Victoria Moles
Boboras;Natanael Gual
Avia;Xavier Belmonte
Siles;Lourdes Nadal
Higuera la Real;Primitiva Mascaro
Benifairo de Les Valls;Anselmo Alvaro
La Guardia;Marc Alemany
Villarrasa;Rafaela Lloret
La Granada;Celia Penalver
Riudarenas;Beatriz Galiano
Puntagorda;Cayetano Rosado
Cuatretonda;Emilio Vicens
Minglanilla;Purificacion Gomis
Jeresa;Silvestre Sacristan
Villafranca del Cid;Constanza Canals
Bunuel;Amparo Chacon
La Pobla de Claramunt;Marisela Bas
Benasque;Guiomar Sierra
Torregrosa;Maria Angeles Tudela
Valdefresno;Casandra Guzman
Palau de Anglesola;Prudencio Gras
La Coronada;Paulino Frias
Beniarbeig;Gracia Pizarro
Puente de Genave;Trinidad Calderon
San Quirico de Besora;Alejo Camara
Sort;Valerio Barcelo
Tapia de Casariego;Rosalia Mendoza
San Juan;Teofilo Antunez
Penagos;Renata Fiol
La Pueblanueva;Marcela Guitart
Baga;Florentino Barba
Lorenzana;Jorge Urrutia
Carballedo;Vanesa Cuenca
El Bosque;Azeneth Cueto
Tolox;Pastora Borrell
Cabezuela del Valle;Albina Matas
Santo Tome;Aurora Roig
El Hoyo de Pinares;Maxima Garzon
Arbeca;Victorino Martin
Larraga;Reyna Quiros
Zafarraya;Cecilio Cabrero
Manzanilla;Paloma Cortes
Torre del Bierzo;Custodio Arroyo
El Bruch;Silvio Arco
Montejicar;Sancho Rosales
Arnuero;Rufino Salinas
Villar del Rey;Rodrigo Becerra
Anzuola;Manu Peralta
Santovenia de Valdoncina;Jose Manuel Llobet
Luzmela;Fatima Moraleda
Dilar;Augusto Garzon
San Pedro Pescador;Sosimo Arribas
Ullastrell;Salvador Valderrama
Cea;Julieta Carpio
Cenicero;Elisabet Verdejo
Anoeta;Nacio Peiro
Fitero;Jennifer Uriarte
Yatova;Yesica Solera
Riudellots de la Selva;Dolores Elias
Piedralaves;Galo Bilbao
Valderrubio;Joan Caro
Viana de Cega;Plinio Piquer
Villanueva de la Vera;Juanita Galvez
Alozaina;Humberto Alcantara
La Codosera;Narciso Prat
San Vicente de Torello;Natalio Ayuso
Borjas del Campo;Clementina Borras
San Leonardo de Yague;Jose Francisco Pinilla
Los Navalucillos;Maricela Losada
Cadreita;Brigida Tejera
Ezcaray;Anibal Saenz
Puigpunent;Leonel Coll
Vega de Espinareda;Amor Mir
Aldeanueva de la Vera;Bernardino Alcaraz
Montealegre del Castillo;Carmina Anton
Cenicientos;Reyna Garcia
Larrabezua;Piedad Hidalgo
Aguadulce;Lina Monreal
La Albuera;Teo Andreu
Carrion de los Condes;Encarnita Pozuelo
Cuadros;Wilfredo Gomis
Seron;Luis Angel Losada
Campos del Rio;Josue Soler
Fuente la Higuera;Anibal Criado
Navaconcejo;Edgar Tamayo
El Campillo;Ines Tejero
Santa Olalla del Cala;Juliana Montero
Villanueva de Mesia;Teofila Saavedra
Castril;Isaac Rodenas
Navaluenga;Juan Carlos Vinas
Jabalquinto;Sancho Dominguez
Beniparrell;Marisa Blanch
Puebla de Trives;Dolores Alvarez
Grazalema;Mateo Barcelo
Valldemosa;Marco Comas
El Pedroso;Reyna Carreno
Maella;Angela Bertran
Obejo;Filomena Mayol
Cogollos Vega;Viviana Hervia
El Vellon;Luis Grau
Garrovillas;Salvador Leon
Jacarilla;Esperanza Mascaro
Sierra de Fuentes;Ambrosio Almansa
Bareyo;Osvaldo Carbonell
Crecente;Gervasio Marti
Valdeganga;Imelda Duran
Nogueira de Ramuin;Patricio Valles
Salas de los Infantes;Primitiva Revilla
Finana;Pacifica Ordonez
Vinuela;Marc Valdes
Granja de Torrehermosa;Felicidad Nino
Mendaro;Omar Fiol
Ontur;Amado Bautista
Nava del Rey;Nilo Anguita
Albalate del Arzobispo;Fito Ferrandiz
Logrosan;Regina Figueras
Benferri;Lilia Nebot
Daroca;Cruz Coll
Calig;Ana Sofia Bartolome
Valencia del Ventoso;Elisa Lago
Boimorto;Maria Pilar Palma
Artana;Pio Casals
Navalcan;Amor Flor
Fuensaldana;Tiburcio Barcelo
San Mateo;Perla Pellicer
La Sellera de Ter;Delia Alcala
Quinto;Martirio Iborra
Almargen;Cintia Munoz
Seros;Ramona Tejedor
Monturque;Eufemia Espejo
Las Arenas;Maria Del Carmen Rios
Castellvi de Rosanes;Rosario Galiano
Noalejo;Ivan Collado
Limpias;Trini Diez
Barlovento;Amado Pou
Higuera de Vargas;Virginia Miro
Herrera de Pisuerga;Urbano Quintana
La Merca;Clementina Santana
Monfero;Marisol Prieto
Vallfogona de Balaguer;Fortunato Gimenez
Batea;Fabiana Moles
Barraco;Cruz Abascal
Paredes de Nava;Luis Angel Garate
Muros de Nalon;Alba Arevalo
Tejeda;Genoveva Ropero
Huetor Santillan;Salomon Codina
La Iruela;Andres Maza
Velez Blanco;Jose Verdu
Selaya;Vicenta Baez
Guadahortuna;Esmeralda Rossello
Belmonte;Ana Belen Peral
Castellar de Santiago;Mercedes Perea
Siruela;Emiliana Higueras
Olza;Maria Del Carmen Aguado
Santa Marina del Rey;Gracia Cal
Villagonzalo-Pedernales;Juan Bautista Valenzuela
Alange;Primitiva Royo
Las Presas;Vera Pi
Coiros;Angelica Marmol
Irura;Jose Antonio Almagro
Villamarin;Urbano Moraleda
Segura de Leon;Martina Osuna
Mundaca;Eutropio Merino
Cortes de Baza;Esmeralda Ordonez
Oliana;Tecla Bayona
Olesa de Bonesvalls;Emigdio Saez
Puebla de Obando;Marcial Reig
Ablana de Arriba;Visitacion Alcalde
Aranga;Vicente Suarez
Fuentealbilla;Jose Francisco Nunez
Villafames;Natividad Corominas
Olocau;Isidoro Pons
Guadalupe;Celestina Peiro
Carcer;Valentin Cordoba
Villaturiel;Odalys Correa
Almachar;Marisa Domenech
El Carpio de Tajo;Nereida Rubio
Bonar;Sebastian Bru
Canena;Martin Barranco
Toral de los Vados;Isidoro Corbacho
Almoharin;Lola Cerezo
Fuenlabrada de los Montes;Marc Diaz
Villaralbo;Flavio Barrera
La Peroja;Severino Juan
San Justo de la Vega;Prudencio Perez
Cuevas de Vinroma;Inocencio Martorell
Brozas;Paula Palomo
Segura de la Sierra;Agustina Rey
Piedrahita;Blanca Grau
Villardevos;Leyre Tello
Arciniega;Heliodoro Sacristan
Zarza de Granadilla;Guadalupe Cabanas
Barrax;Merche Valera
Zaidin;Che Mir
Burgo;Primitiva Nadal
Orcera;Jose Francisco Tapia
Hijar;Amando Bautista
Riola;Alex Moya
Chillon;Miguel Angel Cordoba
Villahermosa;Juan Francisco Jauregui
Argonos;Fulgencio Blazquez
Almonaster la Real;Clementina Macias
Colmenar del Arroyo;Araceli Alcaraz
Guadamur;Cosme Cabanillas
Alforja;Gregorio Amoros
Germade;Gema Sanchez
Cabra del Santo Cristo;Maricela Bosch
Belorado;Selena Carrillo
Socovos;Reyna Canet
Aliseda;Nazario Campoy
Hermigua;Isidora Lago
Vallmoll;Melchor Pombo
Cubillos del Sil;Telmo Mur
Beniarjo;Claudia Rios
Ateca;Montserrat Carrillo
Soses;Rosalva Nino
Ribas de Fresser;Maximino Minguez
Almayate Bajo;Marciano Paniagua
Camunas;Dario Moles
Fuencaliente de la Palma;Aurea Cruz
Campillo de Arenas;Natividad Llano
Usagre;Griselda Domingo
Cumbres Mayores;Patricia Lumbreras
Meira;Goyo Jurado
Lerin;Crescencia Pineiro
Cuevas del Campo;Graciana Alvarez
Mansilla de las Mulas;Pancho Corbacho
El Toboso;Domingo Salmeron
Paradela;Amilcar Abad
Granen;Carmina Lobato
Avion;Alcides Anaya
Villalobon;Sandra Gil
Zarzalejo;Maria Teresa Posada
Daya Nueva;Micaela Penalver
Moraleja del Vino;Demetrio Julian
Ador;Felipa Arcos
Garafia;Augusto Ayala
Sobrado;Seve Solera
El Gastor;Marcelino Tovar
Almaraz;Maria Angeles Tovar
Oliva de Merida;Porfirio Salazar
Polopos;Felipe Querol
Arquillos;Roman Trujillo
Salvaleon;Elena Carballo
Oimbra;Martin Tamarit
El Casar de Escalona;Ernesto Mora
Madrigalejo;Lalo Paniagua
Palma de Gandia;Amilcar Vargas
La Secuita;Florentino Bas
Alanis;Antonia Exposito
Rosal de la Frontera;Seve Calzada
Ataun;Jimena Cardona
Pinofranqueado;Adelia Jaume
Benejama;Prudencia Pomares
Montizon;Onofre Cerdan
Montras;Ramon Lozano
Canillas de Aceituno;Rufino Gomez
Bimenes;Adelardo Jimenez
Lovios;Maximo Sanmartin
Padrenda;Flor Pacheco
La Torre de Esteban Hambran;Dorita Donoso
Montanchez;Maricruz Higueras
Gatica;Godofredo Alberola
Arenas de Iguna;Ema Rovira
Purchena;Soledad Aviles
Tibi;Sarita Giron
Alcaudete de la Jaya;Teresita Alberdi
Alconchel;Matilde Trujillo
Agudo;Francisca Agustin
Torreorgaz;Ramona Herranz
Cuartell;Luciano Benavent
Espinosa de los Monteros;Daniel Rossello
Santiurde de Toranzo;Amelia Hernando
Asco;Federico Pino
Covaleda;Raul Pablo
Avinonet de Puig Ventos;Virginia Carvajal
Santa Eugenia;Chus Ortuno
Zaldivia;Olga Carballo
Montaberner;Ana Belen Torralba
Darro;Ximena Alamo
Canete la Real;Anabel Paredes
Valdestillas;Leocadia Galan
Puebla del Brollon;Jafet Pino
Zaratamo;Jenaro Teruel
Aldea del Rey;Mirta Carrera
Castropodame;Ramona Lasa
Araya;Rufina Coll
Pol;Odalis Castro
Salinas;Sara Ramon
Cabeza la Vaca;Armando Cepeda
Tivisa;Elena Rivera
Canamero;Toni Valentin
Pola de Allande;Juan Pablo Medina
Santa Pau;Augusto Rozas
Masalaves;Rodolfo Quevedo
La Alberca de Zancara;Agustin Tolosa
Salvatierra de los Barros;Maria Dolores Chacon
Quintanar de la Sierra;Palmira Verdu
Cilleros;Faustino Rivas
Fornelos de Montes;Berta Alberdi
Cuevas del Becerro;Gabriel Huerta
Pozohondo;Chus Cabanas
Villanueva de Perales;Jacobo Barrio
Barruera;Alvaro Barragan
Corcubion;Amarilis Sarmiento
Brea de Aragon;Daniela Palomares
Gaucin;Casemiro Giner
Caserras;Ileana Arce
Fuentesauco;Pilar Leiva
Barcheta;Nayara Escolano
Valderas;Eloy Moya
Banos de Rio Tobia;Rita Lastra
Frailes;Espiridion Carpio
Hazas de Cesto;Berto Alfaro
Lecumberri;Amaro Lorenzo
Viver;Baltasar Talavera
Alfarp;Lazaro Maza
Lumbrales;Ofelia Castellanos
Belmez de la Moraleda;Patricia Giron
Sayalonga;Soledad Pinedo
Asteasu;Dolores Vega
Albesa;Eloy Riera
Madrigal de la Vera;Natanael Barral
Villalon de Campos;Camilo Montero
Guadalcazar;Georgina Llopis
Jerica;Marcio Palmer
Benifairo de Valldigna;Romulo Bermudez
Benirredra;Florina Rivera
La Plaza;Aitana Gutierrez
gualba de Dalt;Mateo Hoz
Melgar de Fernamental;Dafne Ramirez
Ledesma;Ema Ocana
Entrena;Rogelio Ugarte
Santiso;Juanito Cortes
Las Navas de la Concepcion;Julia Ramis
Sarreal;Graciano Rosell
Ibars de Urgel;Jessica Moreno
Benamargosa;Juanita Bauza
Artesa de Lerida;Celestina Aviles
Belvis de la Jara;Hector Perera
Cruz de Incio;Ileana Romeu
Chelva;Julia Mur
Anora;Fatima Alemany
Mancor del Valle;Felipe Nicolas
Torija;Azahara Blanca
Laujar de Andarax;Epifanio Hierro
Soto de la Vega;Isabel Bartolome
Belchite;Jose Luis Comas
Beiro;Ramona Roda
Cegama;Patricia Chacon
Benavent de Lerida;Angelina Torralba
Garrafe de Torio;Emiliana Casas
Mora de Rubielos;Vicente Barba
Navalafuente;Evita Matas
Guijo de Galisteo;Jose Miguel Mate
Molledo;Julieta Fuente
Serradilla;Rosa Espejo
Rabade;Nadia Medina
Bande;Eugenio Montero
Alqueria de la Condesa;Domitila Oliver
Segura;Lope Bueno
Istan;Ruben Escudero
El Real de la Jara;Noemi Morera
Banos de Molgas;Florentino Arribas
Pulgar;Jose Luis Cepeda
Pinos Genil;Encarnacion Ayllon
Olazagutia;Merche Ocana
Chirivel;Tono Tapia
Labastida;Hortensia Medina
Piornal;Clementina Garcia
Boal;Ariel Herrero
Pedroche;Raimundo Ruiz
Mayorga;Aureliano Zorrilla
Sallent de Gallego;Sigfrido Bustamante
Gurrea de Gallego;Mar Corral
Minaya;Esperanza Guerra
Villalba de los Barros;Florentino Solera
Cardena;Custodio Vera
Alcaracejos;Tecla Romeu
Fontcuberta;Pastora Beltran
El Castillo de las Guardas;Anacleto Iglesia
Muinos;Javiera Antunez
Palenciana;Eleuterio Benitez
Cadiar;Cirino Rosa
Corbins;Ruperto Abril
Rios;Eutimio Quevedo
Esparragalejo;Amada Cuellar
Villanueva de Tapia;Nereida Varela
Fonollosa;Fatima Recio
Puente de Domingo Florez;Melchor Valbuena
Villalpando;Galo Cordoba
Campo de Caso;Clarisa Izaguirre
Palau-Sabardera;Jose Luis Figueras
Soneja;Benigna Amor
La Roca de la Sierra;Vasco Ruano
Arcos de Jalon;Sabina Ocana
Benaojan;Blanca Saavedra
Rioja;Eusebia Torrent
Boveda;Clementina Barbero
Lubrin;Sigfrido Alcolea
Villanueva del Duque;Borja Alamo
Casas de Don Pedro;Alma Jordan
Congosto;Jafet Corominas
Torres de Berrellen;Carmen Roura
Alfamen;Ramona Barrena
Estivella;Nacho Rey
Lloret de Vista Alegre;Brunilda Samper
San Feliu de Pallarols;Sancho Cozar
Casavieja;Enrique Torrents
Llivia;Mario Amores
Algar;Anna Nunez
Navata;Angela Requena
Villalbilla de Burgos;Alejandro Diez
Legorreta;Adelina Ibarra
Taboadela;Fabiana Montalban
Gata;Joel Sales
Puertomarin;Maria Angeles Mate
Alcantara;Filomena Alfonso
Chilluevar;Desiderio Roman
Ibeas de Juarros;Rosalia Reyes
Madrigal de las Altas Torres;Belen Pastor
Penas de San Pedro;Dafne Quintana
Peraleda de la Mata;Tatiana Esteban
Alcolea de Calatrava;Candelas Galvan
Miralcamp;Maristela Roldan
Santa Eulalia de Riuprimer;Josefa Pellicer
Galaroza;Benjamin Cortes
Ahigal;Ruth Carrasco
Alaejos;Quique Linares
El Ronquillo;Silvia Cuenca
Trujillanos;Vidal Torralba
Albudeite;Anna Girona
Junquera de Ambia;Macaria Llabres
Torres;Ruth Lloret
Cuevas Bajas;Luisina Echevarria
Jadraque;Valentin Villalonga
Cardenadijo;Mireia Anglada
San Cristobal de Entrevinas;Francisco Jose Duenas
Traiguera;Zaida Mariscal
Busto de Trevino;Roberta Mata
Mahora;Delia Madrid
Montemolin;Emelina Porcel
Termens;Leticia Rivero
Puebla de Sanabria;Balduino Salvador
Rafelcofer;Begona Ramirez
Fuerte del Rey;Horacio Parra
Lagartera;Belen Polo
Villar de Rena;Alonso Estevez
Cabanillas;Aurora Montenegro
Abenojar;Camilo Nogueira
Puigvert de Lerida;Heraclio Prieto
Villoria;Jesusa Gomis
Casatejada;Ester Camino
Facinas;Angeles Villalobos
Campillo de Llerena;Estrella Fiol
San Acisclo de Vallalta;Luis Huguet
Alcantara de Jucar;Nando Amaya
Almoster;Amarilis Andres
Riopar;Severino Tolosa
Cantimpalos;Lope Vara
Castrelo de Mino;Adoracion Borja
Irijoa;Sigfrido Vizcaino
Potes;Pedro Anaya
Carchel;Bernardino Calderon
Lezuza;Selena Cerda
Comares;Trinidad Gallo
Costitx;Xiomara Figuerola
Torrente de Cinca;Mercedes Feijoo
La Parra;Quirino Penalver
Alguena;Adelina Company
Casas de Juan Nunez;Trini Fernandez
Bolbaite;Valentin Simo
Alcaraz;Amado Morcillo
Majadas;Antonia Ayllon
Castillejar;Sol Salazar
Manon;Jorge Gibert
Lucena del Cid;Americo Cepeda
Encinasola;Ciro Huertas
Almaden de la Plata;Bonifacio Gilabert
Alcalali;Inmaculada Sola
Colomera;Jenny Cifuentes
Macastre;Carmina Otero
Almoguera;Carmen Leal
Lumbier;Dorita Ropero
Montiel;Eloy Vara
San Roman;Anita Cabello
Villapresente;Sebastian Lucena
Rotova;Duilio Blasco
Higuera de la Sierra;Maite Escribano
Tous;Severo Morell
La Fuente de San Esteban;Ruth Ferrera
Villar de Barrio;Roberto Ibarra
Sartaguda;Claudia Marino
La Cana;Isaura Cantero
Melon;Maricela Garmendia
Navas del Madrono;Luz Barco
Vilarrodona;Consuelo Cepeda
Pla del Panades;Eusebio Mas
Lacunza;Angelino Esteban
Vall de Vianya;Dalila Figuerola
Carballeda de Avia;Cirino Amor
Matallana de Torio;Amarilis Banos
Perafort;Sigfrido Rocamora
Loranca de Tajuna;Clemente Galiano
Trasmiras;Narciso Quiroga
Figueruelas;Vito Millan
Mirandilla;Maximiano Clemente
Iza;Rufina Moreno
Jerte;Febe Abella
Ormaiztegui;Vidal Amor
Mas de las Matas;Lucila Aguilar
Paramo del Sil;Joel Rosales
Sariego;Climaco Priego
Algamitas;Graciana Galvez
Ricote;Nico Pinedo
Nunomoral;Sol Carrera
Moclinejo;Amelia Giron
Berriatua;Renato Salcedo
Chimeneas;Horacio Oliveras
La Fuliola;Cristina Rosado
Abla;Juan Manuel Domenech
Torre de Miguel Sesmero;Chema Antunez
Samos;Paula Santiago
Ceanuri Alto;Julian Benavente
Montalban;Joan Beltran
Hondon de los Frailes;Lorenza Rueda
Almendral;Nacho Benet
Coripe;Aurora Ferrer
Llers;Celestina Caballero
Tora de Riubregos;Rosalinda Ruiz
Rueda;Esther Acedo
La Gudina;Carina Rivera
Riotorto;Teofila Iglesias
Villagonzalo;Rosario Montes
Campredo;Remigio Olmo
Velilla del Rio Carrion;Ani Pages
Maria;Margarita Lamas
Alborache;Julia Frutos
Campotejar;Georgina Pages
San Martin de Tous;Lucila Aliaga
Rairiz de Veiga;Serafina Aznar
Albocacer;Cosme Arranz
El Puente del Arzobispo;Damian Figuerola
Barrio de Jarana;Santiago Sola
Laza;Ismael Pareja
Capela;Timoteo Millan
Villatuerta;Clemente Conesa
Alfarrasi;Venceslas Canales
La Haba;Poncio Priego
Puebla Tornesa;Juan Antonio Gordillo
Puebla de Alcocer;Aitor Vidal
Vilasantar;Guadalupe Jimenez
Villarmayor;Jorge Soria
Aldeadavila de la Ribera;Maria Jesus Puig
Albalat de Taronchers;Nando Julia
San Antolin;Rosario Aroca
Baltanas;Bruno Baron
Castro Caldelas;Xiomara Marquez
Olost;Cristian Salcedo
Riolobos;Nicolasa Bilbao
Valdepolo;Ana Linares
Bellcaire de Urgel;Obdulia Moles
Zarza la Mayor;Daniel Company
Sandianes;Victor Vaquero
Camporrobles;Luciano Otero
Venta del Moro;Alba Ricart
Cenizate;Virgilio Clavero
Alcala del Jucar;Eutropio Noguera
Corte de Peleas;Cloe Villaverde
Riudecols;Encarnacion Company
Villanueva de Duero;Dimas Tapia
Canjayar;Socorro Matas
Carrizosa;Florencio Porta
Barzana;Fanny Andrade
Moeche;Susanita Quero
Niguelas;Pepito Aguilo
Orce;Nereida Tellez
Vilanova de Bellpuig;Reinaldo Cortes
Pinor;Dulce Falco
Abrucena;Gil Contreras
Ayllon;Judith Busquets
Caminomorisco;Flora Calleja
Burgohondo;Anselma Arellano
Villayon;Judith Noriega
Valdetorres;Maria Fernanda Giner
Nerpio;Juan Manuel Lobo
Ulla;Amor Guitart
Arenas;Javier Maza
Alcolea de Cinca;Modesta Milla
Medina de las Torres;Edgardo Requena
Cabra del Campo;Benito Jordan
Mallavia;Federico Ballesteros
Cheles;Tomas Verdugo
Valle de la Serena;Maxi Cisneros
San Pedro;Esmeralda Quintero
Hueneja;Luisina Benet
Verges;Hermenegildo Diaz
Lapeza;Eliseo Llamas
Fermoselle;Borja Anaya
Ribesalbes;Anna Aliaga
Puigpelat;Liliana Paniagua
Villadangos del Paramo;Ramona Chacon
Adzaneta de Albaida;Carolina Caceres
Paymogo;Virgilio Cerezo
Puebla de Don Rodrigo;Lucio Castellanos
Vilamalla;Guadalupe Amaya
Sesma;Tamara Salvador
Cala;Jonatan Naranjo
Siete Aguas;Wilfredo Canton
Antella;Nicodemo Agullo
Montesa;Ulises Pina
Cherta;Flavio Cuadrado
Pradoluengo;Rolando Cerezo
Lietor;Glauco Osorio
Relleu;Nicodemo Abril
Sarrion;Sosimo Lobo
Fuente Carreteros;Andres Felipe Pineda
Horta de San Juan;German Pedro
Lecinena;Elias Barba
Sarreaus;Florencio Vilar
Valle de Santa Ana;Conrado Aviles
Benabarre;Petrona Cespedes
Benisanet;Donato Baeza
El Pedernoso;Paola Ferrer
Valdefuentes;Amada Aguado
Pedro Martinez;Alma Jodar
Tuejar;Ciriaco Rincon
Cardenajimeno;Norberto Urrutia
Sobradiel;Isidro Cuervo
Higueruela;Loreto Torrijos
Senera;Josep Valera
Elgueta;Cruz Vergara
Llauri;Virgilio Torrent
Bustillo del Paramo;Delia Noriega
Montillana;Paulina Bru
Villamanrique;Gonzalo Gibert
Los Arcos;Nazaret Parejo
Trabada;Susanita Aramburu
La Pedraja de Portillo;Nicolas Gutierrez
Bitem;Teodora Alfaro
Sabero;Pastor Perales
Cofrentes;Feliciana Alba
Iguena;Fulgencio Rey
Sastago;Yolanda Alvarez
Valenzuela;Hector Jordan
Villaralto;Manu Padilla
Rotgla y Corbera;Candela Huerta
Corral de Calatrava;Elodia Larranaga
Vilajuiga;Francisco Jose Somoza
Bosost;Esmeralda Olivares
Feria;Pedro Carlos
Magallon;Bruno Canizares
Traspinedo;Evangelina Ojeda
Agulo;Eliseo Tello
Ribarroja de Ebro;Dorita Arco
Arbizu;Adelia Folch
San Carlos del Valle;Pepito Gracia
Entrimo;Juan Francisco Casares
Fabara;Maria Jose Sales
Vegasdel Condado;Aura Garces
San Asensio;Tamara Moran
Albaladejo;Loreto Losa
Sinarcas;Inmaculada Lluch
Carcar;Rosario Rio
Serrada;Candela Perello
Esgos;Bernardo Torrecilla
Pinar;Heliodoro Zamora
Casalarreina;Jose Carlos Domingo
Villagordo del Jucar;Trini Collado
Villamanan;Gabriel Clavero
Cenlle;Judith Arnau
Ariza;Emiliana Gabaldon
Beniarres;America Barroso
Albalate de Cinca;Amando Canet
Sorihuela del Guadalimar;Angel Puga
Tornavacas;Rosendo Mateu
Sumacarcel;Olivia Mora
Agoncillo;Angela Elias
Mendigorria;Ernesto Garay
Monteagudo;Cecilia Plana
La Pobla de Lillet;Amilcar Peral
Pola de Somiedo;Evangelina Gallart
Villanueva de San Juan;Amalia Borrell
Villanueva de la Barca;Vanesa Carpio
Duruelo de la Sierra;Ceferino Vilanova
Buger;Octavia Costa
Cerdido;Marisela Valcarcel
Carcaboso;Maria Cristina Olivera
Casar de Palomero;Emilio Torrents
Somozas;Benigno Palomo
Gergal;Alcides Larranaga
Benidoleig;Alfredo Vazquez
Torremocha de Jarama;Salomon Correa
Berastegui;Ariel Company
Remolinos;Bernabe Llorente
Santa Cristina de la Polvorosa;Adelaida Esteve
Dozon;Obdulia Perez
Masdenverge;Eliseo Pedrero
La Alberca;Lope Prat
Galera;Teo Portero
Cortegada;Vera Cuellar
Torrecillas de la Tiesa;Arsenio Barreda
Escatron;Amada Exposito
Morata de Jalon;Mirta Galvan
Alfarnate;Encarnita Leon
Alcanices;Soledad Moles
Valdecaballeros;Emiliana Blanes
Port-Bou;Primitivo Belda
Benasal;Eladio Raya
Navia de Suarna;Pacifica Daza
Ventas con Pena Aguilera;Fortunato Pla
Vedia-Elejalde;Damian Franch
Laguna de Negrillos;Vidal Gonzalo
Potries;Xiomara Egea
Campaspero;Roque Quesada
La Seca;Salomon Sola
Nalda;Esther Bello
Santa Eulalia;Toni Codina
Benalua de las Villas;Angelina Bru
Algimia de Alfara;Heraclio Pons
Villabragima;Paula Caparros
El Robledo;Bautista Cespedes
San Amaro;Amaro Jordan
Ayerbe;Cloe Anton
Jayena;Maria Jesus Ferreras
Santa Eulalia;Vidal Rosa
Benlloch;Flavia Bauza
Llanera de Ranes;Lope Bauza
Viladrau;Natanael Canton
Valverde de Merida;Anibal Ayuso
Santa Elena de Jamuz;Heraclio Navarrete
Solorzano;Erasmo Benavides
Calders;Javiera Rueda
Folgoso de la Ribera;Viviana Polo
Boltana;Rosalva Manzano
Coreses;Dionisio Tamarit
Santa Barbara de Casa;Ileana Jodar
Gabarda;Josue Rossello
Torrecampo;Dominga Salcedo
Hortaleza;Belen Espana
Arroniz;Maricruz Maestre
Ademuz;Olga Rebollo
Nivar;Marcia Uriarte
Bodonal de la Sierra;Amado Bernat
Canaveral;Ignacio Palomares
Partaloa;Dolores Pineda
Matapozuelos;Manu Isern
Castanar de Ibor;Flavio Caceres
Aledo;Telmo Jurado
Montesquiu;Carmina Castello
Bonete;Francisca Gisbert
Quintanilla de Onesimo;Juan Manuel Vilar
Cuart de les Valls;Merche Valverde
Santa Maria de Olo;Sandra Nunez
Illas;Maria Belen Blanco
Fortaleny;Tania Bellido
Macotera;Pablo Figueroa
Palmera;Norberto Calatayud
La Pesga;Americo Acero
Villanueva del Rey;David Barranco
La Mezquita;Miguela Barco
San Jose;Odalys Francisco
Alhama de Aragon;Berto Llopis
Albanchez de Ubeda;Alex Pastor
Otivar;Graciano Palomo
Arenas de San Juan;Pia Aranda
Ruente;Jimena Zaragoza
San Cugat Sasgarrigas;Lucas Ferrando
Pinell de Bray;Herberto Andreu
Bermillo de Sayago;Chucho Sancho
Albarracin;Maximino Bautista
Santibanez de la Pena;Renata Casanovas
Elciego;Imelda Beltran
Bascara;Liliana Palmer
Ourense;Leocadio Montes
Palencia;Eric Alvarez
Lleida;Chus Urrutia
Segovia;Raimundo Exposito
Ciudad Real;Cornelio Tome
Soria;Hernando Costa
