London;Benjamin Webb
Birmingham;Brandon Archer
Manchester;Adrian Howells
Leeds;Antony Blake
Newcastle;Mathew Williams
Birstall;Keith Read
Glasgow;Donna Lord
Liverpool;Debra Scott
Portsmouth;Edward Bentley
Southampton;Katy Barrett
Nottingham;Mark Butler
Bristol;Thomas Johnston
Sheffield;Ronald Powell
Kingston upon Hull;Lesley Fisher
Leicester;Katy Robson
Edinburgh;Kieran Fletcher
Caerdydd;Graeme Jackson
Stoke-on-Trent;Gerard Buckley
Coventry;Joe Doherty
Reading;Amelia Lamb
Belfast;Denis Nelson
Derby;Sylvia Gregory
Plymouth;Rita Hopkins
Wolverhampton;Rachel Anderson
Abertawe;Timothy Parker
Milton Keynes;Robin Stevenson
Aberdeen;Hugh White
Norwich;Shaun Bradley
Luton;Mandy Wright
Islington;Dale Rees
Swindon;Megan Bird
Croydon;Jonathan Baxter
Basildon;Wendy Newman
Bournemouth;Luke Hartley
Worthing;Graeme Jones
Ipswich;Kimberley Steele
Middlesbrough;Natalie Atkinson
Sunderland;Marcus Booth
Ilford;Thomas Baker
Warrington;Jacqueline Robertson
Slough;Simon Porter
Huddersfield;George Davis
Oxford;Clifford Williams
York;Max Myers
Poole;Leon Johnson
Harrow;Paula Hall
Dundee;Amy Brooks
Saint Albans;Patricia Jackson
Telford;Sheila Ford
Blackpool;Jean Ward
Brighton;Luke Baxter
Sale;Hayley Scott
Enfield;Brett Cook
Tottenham;Peter Gregory
Bolton;Iain Franklin
Newport;Joanna Atkinson
High Wycombe;Lisa Mellor
Exeter;Fiona Baker
Solihull;Ben Singh
Romford;Steven Jennings
Preston;Molly Campbell
Gateshead;Richard Elliott
Blackburn;Joanne Lloyd
Cheltenham;Amy Cooper
Basingstoke;Angela Hanson
Maidstone;Jade White
Colchester;Stacey White
Chelmsford;Charles Taylor
Wythenshawe;Maureen Simpson
Doncaster;Maurice Smith
Rotherham;Russell Henry
Walthamstow;Lewis Waters
Rochdale;Roy Curtis
Bedford;Shirley Pickering
Crawley;Kenneth Jones
Mansfield;Lynn Jackson
Dagenham;Rita Barker
Stockport;Jenna Knowles
Darlington;Charlene Spencer
Fyfield;Margaret Armstrong
Gillingham;Sally Thompson
Salford;Nicola King
Eastbourne;Lucy Payne
Wigan;Ryan Hodgson
Hounslow;Louise Lee
Wembley;Luke Marshall
Saint Helens;Danielle Clarke
Worcester;Stephanie Edwards
Wakefield;Vincent Hanson
Lincoln;Ricky O'Donnell
Hemel Hempstead;Caroline Brooks
Watford;Stewart Powell
Oldham;Catherine Mills
Sutton Coldfield;Garry Scott
Kettering;Marie Hayes
Hastings;Bruce Williams
Hartlepool;Cameron Roberts
Hove;Gordon Wood
Barnsley;Marion Jackson
Southport;Chelsea Knight
Bath;Leanne Allen
Birkenhead;Mary Warner
Grimsby;Holly Bolton
Halifax;Frances James
Bromley;Debra Lee
Fulham;Victor Payne
Nuneaton;Marilyn Roberts
Derry;Lauren Rhodes
Ealing;Cameron Riley
Stockton-on-Tees;Carole Bailey
Woolwich;Marilyn Nicholls
Bracknell;Diane Simpson
Hayes;Tracy Greenwood
Edmonton;Colin Mason
Scunthorpe;Joshua Parry
Redditch;Frank Lewis
Chester;Samantha Clark
Dudley;Sheila Hopkins
Bury;Lawrence Parkinson
Brixton;Ashley Williams
West Bromwich;Timothy Leach
Paisley;Roy Rees
Guildford;Ben Hayes
Chatham;Benjamin Davies
Edgware;Emily Baker
East Ham;Glenn Sutton
Weston-super-Mare;Shane Davies
East Kilbride;Timothy Berry
South Shields;Ann Allen
Carlisle;Victoria Cross
Newcastle under Lyme;Carly Williams
Harrogate;Lynda Green
Ashford;Carl Bryant
Gravesend;Lynn Ali
Burnley;Charlotte Grant
Burton upon Trent;Rhys Waters
Crewe;Graham Lowe
Shrewsbury;Keith Douglas
Gosport;Kirsty Barrett
Lisburn;Phillip Baker
Lowestoft;Laura Cooper
Rugby;Jack Dobson
Uxbridge;Declan Powell
Inverness;Adrian Gilbert
Keighley;Lesley Gill
Southall;Damien King
Maidenhead;Derek Mason
Stafford;Graeme Phillips
Wimbledon;Peter Hall
Walsall;Brian Carr
Tynemouth;Caroline Hill
Washington;Tracy Daniels
Loughborough;Edward Brown
Chingford;Kevin Warner
Thornton Heath;Rosemary Wilson
Finchley;Adam Nelson
Wrecsam;Allan Moran
Torquay;Jennifer Walton
Farnborough;Phillip Archer
Kensington;Jordan Hall
Waterlooville;Rachel Walton
Hornchurch;Vincent Jennings
Mitcham;Vincent Rowe
Feltham;David Miles
Stourbridge;Peter Clark
Rochester;Damian Thomas
Dewsbury;Iain Leach
Woking;Gerald Kaur
Rhondda;Sylvia Murphy
Sittingbourne;Samuel Dunn
Acton;Katie Wright
Twickenham;Sarah Macdonald
Runcorn;Jeffrey Hughes
Scarborough;Darren Holmes
Wandsworth;Maureen Vincent
Widnes;Norman Brown
Margate;Susan Lloyd
Bangor;Jasmine Davies
Morecambe;Laura Daly
Taunton;Brett Atkinson
Wallasey;Vanessa Fleming
Royal Tunbridge Wells;Lorraine Potter
Barking;Louise Bird
Aylesbury;Sam Norris
Ruislip;Cheryl Andrews
Halesowen;Brian Rice
Streatham;Robert Mann
Livingston;Sean Davies
Clacton-on-Sea;Michelle Woodward
Barrow in Furness;Declan Allen
Hereford;Gerard Forster
Ellesmere Port;Aimee Kemp
Kidderminster;Jemma Hill
Canterbury;Keith Bradley
Corby;Eric Stokes
Brentwood;Anne Simpson
Hamilton;Elliot Robinson
Dunfermline;Jessica Perry
Braintree;Ashley Clayton
Weymouth;Marc Williams
Hendon;Andrea Warren
Altrincham;Gordon Barnett
Lancaster;Paige Evans
Barri;Amelia Whitehead
Macclesfield;Heather Davis
Bootle;Sophie Baker
Stratford;Beverley Evans
Horsham;Tom Harrison
Cumbernauld;Simon Parry
Rowley Regis;Jade Graham
Kirkcaldy;Dylan Collins
Crosby;Lee Morgan
Leith;Mohammed Clarke
Royal Leamington Spa;Victor Reeves
Llanelli;Deborah Jones
Batley;Gary Jones
Pen-y-Bont ar Ogwr;Dylan Knight
Wellingborough;Amber Pearce
Sutton in Ashfield;Josephine Jones
Paignton;Ian Harrison
Eltham;Antony Stephens
Cwmbran;Brett Ward
Christchurch;Gerald Weston
Morden;Charlotte Holden
Durham;Gerard Hill
Barnet;Amelia Simpson
West Bridgford;Roy Kerr
Perth;Antony Scott
Stretford;Kayleigh Sutton
Banbury;Jamie Davies
Beckenham;Abdul Cox
Greenford;Hayley Hope
Wokingham;Natasha Davies
Folkestone;Dorothy French
Welwyn Garden City;Richard Marsh
Ayr;Danny Johnson
Kilmarnock;Cameron Bennett
Havant;Geraldine Bolton
Chippenham;Chloe Gray
Erith;Lawrence Morris
Hinckley;Georgina Jones
Ashton;Amber Elliott
Winchester;Kathryn Kirby
Surbiton;Gemma Gill
Yeovil;Sheila Thomas
Catford;Christine Doyle
Grantham;Jack Parker
Morley;Toby Johnson
Cheshunt;Angela Jones
Coatbridge;Wayne Smith
Wallsend;Norman Johnson
Merthyr Tudful;Mathew Harvey
Bexhill;Lydia Bell
Sidcup;Alison Fowler
Kingston upon Thames;Susan Hodgson
Middleton;Tracey Morgan
King's Lynn;Alan Jones
Fareham;Bryan Patel
Greenock;Adam Stewart
Urmston;Emma Lamb
Worksop;Gail Sullivan
Sutton;Caroline Morgan
Caerphilly;Ellie Hughes
Bridgwater;Nicole Hicks
Leigh;Rita Duffy
Newbury;Olivia Davies
Welling;Christine Patel
Kingswood;Joe Edwards
Bury Saint Edmunds;Mohamed Lamb
Kirkby;Jordan Smith
Ramsgate;Nicole Schofield
Tonbridge;Reece Harvey
Salisbury;Denis Yates
Castleford;Maureen Lee
Bishops Stortford;Karl Atkinson
Abingdon;Lewis Murphy
Aberdare;Jake King
Farnham;Grace Wong
Aldridge;Melanie Barker
Hatfield;Kevin Smith
Cleethorpes;Sarah Clark
Skelmersdale;Chloe Davies
Tipton;Thomas Burns
Eccles;Glenn Harvey
Great Yarmouth;Peter Chapman
Ilkeston;Michael Robinson
Herne Bay;Daniel Johnston
Andover;Jack Reid
Glenrothes;Tracy Jones
Camberley;Joshua Jackson
Stirling;Callum Howard
Arnold;Jake Baker
Long Eaton;Ellie Powell
Blyth;Cheryl Jones
Port Talbot;Sylvia Atkins
Bletchley;William Moore
Leighton Buzzard;Kyle Edwards
Fleet;Grace Wilkinson
Beeston;Nathan Ball
Small Heath;Ryan Duffy
Houghton le Spring;Margaret Cooper
Whitley Bay;Marc Ali
Airdrie;George Lee
Grays;Lydia Green
Denton;Kim Atkinson
Aldershot;Douglas Reeves
Redcar;Aimee Roberts
Walkden;Hannah Gibson
Kenton;Margaret Wheeler
Leyland;Damian Wilkinson
Woodley;Nathan Jones
Accrington;Steven Roberts
Pont-y-pwl;Jonathan Walker
Bridlington;Sean Jones
Falkirk;Billy Sharpe
Billingham;Conor Buckley
Boston;Jemma Hart
Dunstable;Lydia Wood
Ewell;Karen Davison
Chorley;Matthew Gibson
Spalding;Jill Williams
Exmouth;Bethany Whittaker
North Shields;Tracy Tyler
Colwyn Bay;Rosemary Nicholson
Irvine;Charles Owen
Hyde;Alice Hodgson
Wisbech;Vanessa Dean
Lichfield;Gareth Smith
Wickford;Clare Pearson
Hitchin;Charles Bibi
Dumfries;June Clark
Letchworth;Valerie Webb
Huyton;Martyn Abbott
Strood;Elliott Watts
Trowbridge;Rhys Williams
Glossop;Russell Williams
Pontypridd;Holly Murphy
Stroud;Karl Jones
Bicester;Paige Rowley
Winsford;Janice Williams
Windsor;Nigel Thomas
Motherwell;Joanne Hodgson
Brighouse;Donna Sharp
Wigston Magna;Colin Murphy
Swadlincote;Abbie Long
Rayleigh;Thomas Moss
Whitstable;Carly Hill
Ecclesfield;Paula Wall
Ryde;Leonard Evans
Earley;Jane Howell
Borehamwood;Geraldine Hancock
Bexleyheath;Leon Cook
Prestwich;Andrew White
Darwen;Jamie Dyer
Epsom;Damian Gray
Warwick;Arthur Jones
Pinner;Barbara Wood
Rutherglen;Ronald Fox
Loughton;Rhys Jackson
Dover;Rachel Jones
Pontefract;Charlotte Edwards
Saint Neots;Jeffrey Davidson
Bedworth;Kim Gough
Burgess Hill;Antony Anderson
Northolt;Kate Jones
Farnworth;Beth Davis
Wishaw;Martyn Williams
Harpenden;Darren Thomson
Deal;Dorothy Jarvis
Radcliffe;Henry Kennedy
Carshalton;Stanley Ryan
Plympton;Brian Harris
Bulwell;Barbara Cook
Cambuslang;Wayne Webster
Sevenoaks;Elizabeth Lawrence
Northfleet;Hollie Turner
Cramlington;Chelsea Hewitt
Rushden;Bethany Allen
Bromsgrove;Max Lawson
Nelson;Nicola Marsden
Beverley;Jennifer Smith
Cannock;Elliot Frost
Hanwell;Natalie Andrews
Stanford le Hope;Bryan Gordon
Kendal;Mohamed Begum
Willenhall;Matthew Pratt
Wood Green;Robert Lucas
Heywood;Rosie Jones
Bearsden;Lauren Dale
Reddish;Georgia Jones
Billericay;Joe Brown
Darlaston;Caroline Austin
Littlehampton;Sara George
Ashington;Jacob Williams
Newton Mearns;Charlene Begum
Yate;Alex Ahmed
Jarrow;Marc Ashton
Witney;Jasmine Hicks
Stratford-upon-Avon;Leslie Parkinson
Shotley Bridge;Paula Pollard
Ashford;Margaret Doyle
Ormskirk;Diane Wade
Longton;Anthony Bennett
Melton Mowbray;Martyn Hart
Haverhill;Dawn Walsh
Didcot;Donald Randall
Clifton;Jean Thompson
Chichester;Molly Marshall
Hertford;Clare Bowen
Highbury;Leonard Collins
Newton Aycliffe;Steven Walsh
Fern Down;Emily Horton
Congleton;Barry Evans
Cheadle Hulme;Francis Holt
East Grinstead;Stephanie McCarthy
Thatcham;Clive Roberts
Frome;Amelia Griffiths
Burntwood;Geraldine Brookes
Clydebank;Glenn May
Fleetwood;Justin Martin
Bournville;Maureen Morton
Shenley Brook End;Charlene Morris
Bushey;Melanie Cox
New Milton;Barbara Ward
Northfield;Valerie Thomas
Coulsdon;Holly Davis
Bilston;Rachael West
Newton Abbot;Danny Moore
Wellington;Lynda Johnston
Newport;Jonathan Jones
Oldbury;Kathleen Marsh
Bishop Auckland;Christian Begum
Longbridge;Jemma Mills
Bloxwich;Joanne Pugh
Upminster;Benjamin Moran
Witham;Hazel White
Workington;Jayne Bates
Kingswinford;Marc Bennett
Rhyl;Charlie Power
Daventry;Charlotte Mason
Hindley;Tracy Joyce
Rainham;Andrea Barnett
Portishead;Steven Smith
Pitsea;Leon Hanson
Westhoughton;James Gibson
Broadstairs;Rosemary Welch
Consett;Natasha Taylor
Thornaby on Tees;Julie Murray
Wilmslow;Jason Evans
Kings Norton;Elliot Harrison
Thetford;Leah Wallace
Elgin;Liam Brown
Chester-le-Street;Paula Benson
Farnley;Ben Jones
Great Sankey;Ryan Hewitt
Golborne;Gillian Barker
Plymstock;Chloe Hutchinson
Bognor Regis;Katy Patterson
Barnstaple;Lynda Coates
Rugeley;Anne Bond
Eastleigh;Irene Brown
Ashton in Makerfield;Sarah Austin
Whitehaven;Carolyn Reynolds
Rickmansworth;Marilyn Nelson
Littleover;Edward Nicholls
Caversham;Leigh Nolan
Oadby;Clare Lawson
Bishopbriggs;Roy Dobson
Kidsgrove;Annette Evans
Huntingdon;Naomi Harrison
Stalybridge;Ryan Reeves
Stanmore;Gary Davey
Felixstowe;Alice Martin
Marple;Brett Jones
Perry Barr;Jennifer Hill
Gosforth;Gary Robinson
Droitwich;Vincent Smith
Arbroath;Sian Evans
Seaford;Gavin Simmons
Evesham;Clare Burns
Whitefield;Hugh Edwards
Penwortham;Carol Smith
Harborne;Lewis Cooper
Swinton;Charlene Smith
Market Harborough;Ricky Hargreaves
Penistone;Maria Johnson
Gainsborough;Debra Riley
Walton upon Thames;Diane Davies
Erdington;Abbie Walker
Haywards Heath;Lesley Brown
Stratton Saint Margaret;Helen Patel
Droylsden;Jessica Thomas
Wednesfield;Frances Rhodes
Calverley;Susan Davis
Leigh-on-Sea;Oliver Hall
Formby;Alison Lynch
Kenilworth;Dominic Reynolds
Pudsey;Declan James
Guiseley;Gemma Hartley
Alfreton;Toby Anderson
March;Cheryl Burgess
Litherland;Hazel Smith
Yeadon;Leon Bennett
Acomb;Mohamed Jarvis
Buxton;Clive Hutchinson
Newton in Makerfield;Joan Finch
Penarth;Albert Iqbal
Horley;Kathryn Adams
Northwood;Joyce Mitchell
East Retford;Samantha Lloyd
Atherton;Billy Wallis
Rawtenstall;Pauline Cunningham
Musselburgh;Arthur Dickinson
Renfrew;Mandy Coles
Belper;Damian Bailey
Reigate;Samuel Bell
Sheldon;Lucy Ahmed
Godalming;Shane Dunn
Falmouth;Robin Ross
Kilwinning;Lynne Ahmed
Potters Bar;Callum James
Camborne;Sylvia Gray
Linslade;Holly Roberts
Chesham;Dawn Davidson
Richmond;Nathan Wilkins
Chandlers Ford;Hollie Green
Darton;Danielle Kelly
Royton;Simon Booth
Clevedon;Natalie Davies
Dronfield;Thomas Clarke
Ossett;Robert Smith
Penzance;Kathryn Jones
Waltham Abbey;Frederick Goodwin
Omagh;Alison Garner
Caterham;Holly Reeves
Woodlesford;Kerry Wilkinson
Maesteg;Fiona Douglas
Normanton;Kim Edwards
Wallington;Derek Chandler
Ripley;Dean Thompson
Sandhurst;Clive Frost
Leek;Lynn Reynolds
Alloa;Margaret Baker
Boscombe;Jacob Cox
Llandudno;Lee Smith
Failsworth;Stephen Sharp
Kirkstall;Abigail Griffin
Kirkby in Ashfield;Antony Jones
Bellshill;Leonard Robinson
Crowborough;Ian Thomas
Shoreham-by-Sea;Martyn Forster
Dumbarton;Bruce Ahmed
Hythe;Frederick Barker
Hailsham;Abdul Bell
Maghull;Joshua Lee
Bathgate;William Richards
Rothwell;Valerie Brady
Newquay;Frederick Ryan
Hoddesdon;Brenda Roberts
Seaham;David Hughes
Peterlee;Kieran Briggs
Halewood;Jordan Williams
Ely;Jemma Wilson
Killingworth;Malcolm Young
Horwich;Carly Wilson
Bispham;Shane Marsden
Antrim;Ross Cross
Wetherby;Alexander Summers
Saint Austell;Owen Hill
Irlam;Anne Brady
Northwich;Jean Edwards
Biddulph;Wayne Smith
Spennymoor;Graeme Page
Barrhead;Brandon Greenwood
Garforth;Jack Lewis
Tewkesbury;Jake Wright
Stamford;Aimee Taylor
Kirkintilloch;Janet Smith
Davyhulme;Victoria Harris
Skegness;Lesley Bailey
Burnham-on-Sea;Harry Little
Abbots Langley;Joel Ellis
Mirfield;Chelsea Burgess
Tiverton;Gillian Newman
Goole;Alexandra Curtis
South Ockendon;Emma Kemp
Romsey;Danny Nelson
Kempston;Suzanne Singh
Adel;Jeremy Turner
Liversedge;Frederick Smith
Hampton;Ian Harrison
Great Linford;Cheryl Anderson
Faversham;Joe Barrett
Dukinfield;Tracy Carter
Stowmarket;Melissa Savage
Neath;Bruce Smith
Ecclesall;Hollie Smith
Molesey;Connor Harris
Cirencester;Josh Jackson
Dorchester;Annette Lee
Monkseaton;Elizabeth Griffiths
Linlithgow;Susan Thomas
Southbourne;Charles Hawkins
Horsforth;Georgina Fox
Prestatyn;Paula Sheppard
Kilbirnie;Susan Little
Lancing;Caroline Roberts
Ware;Simon Hall
Truro;Arthur Williams
Eastwood;Paige Williams
East Dereham;Danny White
Ebbw Vale;Ellie Boyle
Peterhead;Natalie Gardiner
Appley Bridge;Gareth Cross
Berkhampstead;Bethan Taylor
Rawmarsh;Lynn Jones
Poulton le Fylde;Hilary Marshall
Staines-upon-Thames;Sian Jones
Bedlington;Deborah Fry
Mill Hill;Charlie Hughes
Almondbury;Jade Reeves
Hadleigh;Bryan Gough
Staveley;Luke Wright
Fulwood;Elliot Walker
Redhill;Barry Stephens
Aberystwyth;Terry Hall
Sunbury;Adam Chambers
Mickleover;Jodie Bryan
Sandbach;Julie Patel
Madeley;Benjamin Gardner
Grangemouth;Neil Jackson
Ramsbottom;Rachel Wade
Colne;Abbie Noble
Alton;Lawrence Carr
Portchester;Kerry Goodwin
Guisborough;Reece Wallace
Harwich;Arthur Mitchell
Sleaford;Paul Murphy
Moreton;Susan Chapman
Quedgeley;Craig Miller
Warminster;Robert Howard
Woodhouse;David Rahman
Bramhall;Bethany Hancock
Nantwich;Vanessa Richardson
Hednesford;Ricky Hargreaves
Lewes;Glen Owens
Houghton Regis;Martyn Davies
Thornton;Danielle Jones
Calne;Gillian Lawrence
Heanor;Bethan Stone
Friern Barnet;Suzanne Hunt
Milton;Luke Smith
Glen Parva;Bethan Miller
Cottingham;Amelia Cameron
Bideford;Garry Fletcher
Oswestry;Raymond Browne
Mosbrough;Dean Griffiths
Heysham;Alice Shah
Golcar;Darren Dean
Westbury;Judith Riley
Heckmondwike;Trevor Wood
Clayton;Kim Barlow
Morriston;Bruce Jones
High Blantyre;Joel Law
Braunstone;Julie Ellis
Haslingden;Paula Lucas
Northallerton;Jasmine Akhtar
Haslemere;Roy Turnbull
Saint Andrews;Sally Payne
Fazakerley;Pauline Walker
Hatfield;Jack Pritchard
Windlesham;Janet Cooke
Connahs Quay;Brett Wilkinson
Plumstead;Michael Watkins
Ripon;William Kelly
Brixham;Alexander Williams
Maltby;Elliott John
Banstead;Joan Thompson
Whickham;Valerie Jackson
Keynsham;Stephen Harrison
Johnstone;Philip Butler
Cleckheaton;Carole Hawkins
Newmarket;Teresa Lewis
The Mumbles;Pamela Carter
Biggleswade;Colin Harrison
Cowley;Jayne Duncan
Hebburn;Gerald Wright
Enfield Lock;Garry Hicks
Louth;Maurice Power
Buckhaven;Terry Taylor
Stone;Mathew Powell
Saint Ives;Bernard James
Denby Dale;Jeremy White
Bangor;Andrew O'Brien
Birstall;Mitchell Wilkinson
Clitheroe;Maureen Sutton
Queensbury;Danielle Skinner
Stepney;Frances Reynolds
Basford;Geraldine Howe
Saltash;Hollie Phillips
Giffnock;Hilary Jones
Tyldesley;Marcus Matthews
East Barnet;Jeremy Cox
Upton;Dominic Patel
Whittlesey;Dorothy Bell
Worcester Park;Megan Savage
Porthcawl;Jack Knowles
East Finchley;Harriet Edwards
Chertsey;Margaret Holmes
Dawlish;Malcolm Ali
Penicuik;Linda Jones
Bingley;Gareth Roberts
Adwick le Street;Albert Walker
Hayes;Jane Atkinson
Addlestone;Allan Watts
Royston;Arthur Hope
Carterton;Emily Williams
Bebington;Luke Harris
Lymington;Anna Lewis
Bonnyrigg;Heather Cross
Buckley;Lorraine Evans
Ince-in-Makerfield;Rosemary Hayward
Nailsea;Vanessa Storey
Thundersley;Patricia Mitchell
Swinton;Stuart Griffiths
Wimborne Minster;Diane Taylor
West Ham;Marian Andrews
Saffron Walden;Hannah Russell
Stoke Gifford;Graeme Daniels
Shipley;Dennis Simmons
Todmorden;Victoria Dodd
Weybridge;Nicole Marsh
Knaresborough;Ellie Carter
Helensburgh;Alexandra Ashton
Port Glasgow;Simon Foster
Seacombe;Sharon Lloyd
Baildon;Julian Moss
Hemsworth;Joanna Booth
Perivale;Bethany Jones
Wombwell;Ronald Short
Stanley;Leon Davies
Llantrisant;Toby Marshall
Broxbourne;Heather Hale
Hazel Grove;Connor Smith
Featherstone;Nicola Phillips
Mexborough;Jacob Higgins
Stapleford;Stephen Bell
Neston;Vincent Hill
Bidston;Victor Thompson
Northenden;Jacob Baker
Penrith;Dorothy Green
Chellaston;Russell Hilton
Palmers Green;Mary Lawrence
Totteridge;Elliot Smith
Blaydon;Emma Pollard
New Brighton;Nicole Patel
Teignmouth;Lorraine Howard
Newport Pagnell;Stephen Reed
Tredegar;Tom Adams
Swallownest;Dean Smith
Netherton;Jodie Wilkinson
Hessle;Simon Martin
Winkfield;Scott Richardson
Petersfield;Annette Murphy
Larkhall;Gerald Lucas
Sudbury;Carole Adams
Wyke;Lucy Foster
Kew Green;Dale Adams
Bromborough;Melanie Thompson
Chislehurst;Kyle Porter
Ilkley;Dominic Franklin
Baguley;Samantha Jordan
Minster;Mathew Hicks
Balham;Ronald Walsh
Prestwick;Fiona Ford
Banbridge;Damian Spencer
Bodmin;Robert Watkins
Selby;Gregory Rhodes
Conwy;Wayne Pearce
Tilehurst;Kelly Hall
Troon;Hollie Robinson
Melksham;Beverley Brooks
Wibsey;Geoffrey Lane
Great Baddow;Paige Holmes
Farnborough;Victor Mistry
Skipton;Tracey White
Lowton;Kathleen Noble
Burbage;Zoe Morris
Thorpe Saint Andrew;Christian Henderson
Wellington;Daniel White
Moston;Zoe Richards
Hythe;Alex Edwards
Chelsfield;Christian Mistry
Uckfield;Leslie Wood
Deysbrook;Hugh Williams
Bo'ness;Joshua Pope
Armthorpe;Charlene Mellor
Southgate;Callum Booth
Dollis Hill;Bethan Ryan
Wymondham;Craig Bradley
Hetton le Hole;Mary Arnold
Amersham;Edward Bell
West Derby;Kerry Webb
West Drayton;Eileen Ali
Conisbrough;Brandon Marsh
Kidbrooke;Harry Harrison
Rock Ferry;Graeme Baker
Shirley;Sally Brown
Hawick;Edward Williams
Patcham;John Lewis
West Wickham;Jordan Smith
Weston;Leanne Price
Poynton;Aaron Hodgson
Seacroft;Rebecca Williams
Maldon;Janice Wilkinson
Kearsley;Jamie Pearson
Caerfyrddin;Donna Perry
Leyton;Lydia Warren
Mackworth;Kenneth Woodward
Ashtead;Daniel Harrison
Wombourn;Hugh Davies
Smethwick;Bethany Elliott
Childwall;Claire Miller
Cowdenbeath;Barry Freeman
Forfar;Natalie Chapman
Redruth;Elizabeth Holt
Morpeth;Zoe Robinson
Marlow;Benjamin Robson
Pemberton;Marcus Davis
Verwood;Julia Richards
Bourne;Matthew Fletcher
Ringwood;Guy Burrows
Brierley Hill;Alison Brown
Streetly;Ashley Jackson
Milford Haven;Dylan Lawrence
Bickley;Patrick Richards
North Hykeham;Janet Miah
Rustington;Frederick Wood
Eastham;Lindsey Houghton
Cosham;Frank Pickering
Kidlington;Suzanne White
Knottingley;Declan Hall
Otley;Trevor Begum
Rottingdean;Clifford Walker
Allestree;Amelia Archer
Middlewich;Joanne Briggs
Bredbury;Kirsty Taylor
Bridport;Darren Walters
Rossington;Amanda Williams
Hilsea;Lewis Vincent
Clifton;Stacey Phillips
Milngavie;Amanda Coates
Shepshed;Damian Wallace
Ystrad Mynach;Benjamin Morgan
Little Hulton;Joyce Lewis
Alexandria;Damien Davies
Rosyth;Rosemary Evans
Chaddesden;Jasmine Scott
Heswall;Anthony Williams
Amblecote;Denise Butler
Saint Budeaux;Harriet Miller
Egg Buckland;Owen Howell
Bacup;Stacey Sims
Ampthill;Christine Smith
Shirebrook;Adam Evans
Carluke;Daniel Smart
Standish;Trevor Payne
West Boldon;Gregory Read
Dingle;Andrea Williams
Whitby;Paula Jones
Walsall Wood;Ronald Davies
Southwick;Reece Burrows
Knutsford;Sian Barker
Broughty Ferry;William Wells
Hamworthy;Ross Parry
Fraserburgh;Jean Gilbert
Wollaston;Leanne Willis
Uttoxeter;Charlotte Wilkinson
Great Driffield;Neil Myers
Chard;Alexandra Warner
Goodmayes;Stuart Wallis
Pendlebury;Gerald Fox
Sudbury;Gregory Williams
Milnrow;Barbara Oliver
Holborn;Craig Ahmed
Brackley;Sandra Burns
Midsomer Norton;James Woodward
Corsham;Shannon Taylor
Cumnock;Teresa Griffin
Gornalwood;Peter Johnson
Yiewsley;Max Lambert
Shenley Church End;Teresa Doyle
Flint;Thomas Nicholson
Woolton;Natasha Jackson
Leagrave;Matthew Morris
Cliftonville;Sophie Hamilton
Buckingham;Luke Harrison
Chilwell;Cameron Webb
Syston;June Barton
Little Lever;Diana Spencer
Sanderstead;Katy Smith
Chalfont Saint Peter;Joyce Davies
Ainsdale;Molly Hughes
Flitwick;Kenneth Clark
Brownhills;Jennifer Harrison
Hornsey;Beverley Taylor
Sutton on Hull;Roy Stevens
Horndean;Clive Gallagher
North Walsham;Gail Clayton
Galashiels;Ellie Thompson
Selston;Angela Fletcher
Forres;Victor Howard
Wordsley;Janet Clark
Tranent;Jeffrey Williams
Sidmouth;Jeremy Perkins
Croxley Green;Karl Collins
Mablethorpe;Geoffrey Crawford
Abergavenny;Paula Shaw
Wolverton;Michael Nolan
Costessey;Gareth Parkinson
Barton upon Irwell;Olivia Evans
Bickenhill;Lucy Walker
Tilbury;Angela Gilbert
Chigwell;Wendy Butler
Blunsdon Saint Andrew;Sally Lynch
Hersham;Michael Walker
Spondon;Shannon White
Ashby de la Zouch;Shaun Marsh
Coseley;Jill Roberts
Ovenden;Sam White
Chepstow;David Taylor
Lymm;Melanie Dyer
Lye;Jennifer Harrison
Thornbury;Julian Wilson
Dalkeith;Judith Wilson
Tonyrefail;Samuel Freeman
New Mills;Kelly Watts
Thatto Heath;Megan Jones
Harrow on the Hill;Lindsey Phillips
Newhaven;Maureen Davies
Caldicot;Katy Simpson
Olton;Glenn Smith
Cheadle;Andrew Taylor
Bamber Bridge;Allan Morris
Huntington;Paula Baker
Sedgley;Gerard Fisher
Beaconsfield;Stacey Page
Bridgnorth;Keith Watkins
Fenton;Elliot Lynch
Berwick-Upon-Tweed;Stacey Hayes
Hwlffordd;Jason Davis
Wells;Karl Ellis
Broxburn;Jasmine Davies
Warsop;Clive Parker
Minehead;Mohammad Taylor
Montrose;Josh Reid
Broughton Astley;Ronald Griffiths
Sheerness;Elaine Patel
Halstead;Rosemary Williams
Bargoed;Terence Boyle
Rushall;Brian Taylor
Snaresbrook;Suzanne Clark
Sandown;Karl Mitchell
Hoyland Nether;Lewis Bates
Ivybridge;Howard Gould
Torton;Jacqueline Wright
Trentham;Jacqueline Skinner
Hexham;Stacey Taylor
Honiton;Georgina Dobson
Wath upon Dearne;Graeme Sullivan
Street;Charlie Greenwood
Oswaldtwistle;Ann Ashton
Alsager;Jonathan Day
Market Drayton;Ricky Williamson
Gillingham;Gareth Harris
Hackney;Stuart Carey
Tring;Charlotte Watson
Devizes;Jay Robinson
Sowerby Bridge;Rita Griffiths
Risca;Ellie Bond
Leominster;Cameron Sims
Ulverston;Dylan Elliott
Elland;Rita Bell
Prudhoe;Cheryl Brookes
Bolsover;Amber Day
Bryn;Debra Chapman
Sandy;Beth Glover
Henley on Thames;George Graham
Ascot;Scott Walker
Sunninghill;Megan Lane
Stonehaven;Louis Hayes
Abertillery;Zoe Collins
Wallingford;Maurice Barnett
Thame;Dawn Ward
Belgrave;Kathryn Saunders
Wanstead;Barry Cooper
Blundellsands;Lynn Hughes
Brislington;Arthur Higgins
Gourock;Maureen Smith
Pelsall;Leonard Thompson
Tadley;Kenneth Allen
Culcheth;Joel McDonald
Sandridge;Nigel Hayes
Holyhead;Iain Lees
Haydock;Sara Nelson
Carnoustie;Joyce Humphreys
Wealdstone;Kyle Davies
Greetland;Leah Yates
Stainland;Carole Sims
Newport;June Reid
Royal Wootton Bassett;Paige Lewis
Buckhurst Hill;Lauren Clayton
Harrow Weald;Leanne Gibbs
Newtown;Martyn Turner
Knowsley;Daniel Spencer
Wantage;Michelle Dodd
Leatherhead;Amy Burke
Burslem;Danny Powell
Oxted;Stewart Rose
Hipperholme;Abbie Clark
Chorleywood;Joanne Roberts
Stanwell;Elliott Price
Astley;Gail Pearce
Burtonwood;Tracy Lees
Maryport;Iain May
Saltcoats;Frank Roberts
Holywood;Marie Smith
Kingsnorth;Denis Burke
Cranleigh;Barry Adams
Largs;Clare Smith
Crayford;Ryan Jones
Saint Ives;Marilyn Hale
Castle Bromwich;Dawn Bell
Dorking;Joel Butler
Prescot;Nathan Potter
Ilfracombe;Abdul Chandler
Wootton;Charlie Murphy
Helston;Jacqueline Craig
Shoeburyness;Lesley Hammond
Eckington;Sally Jones
Aylestone;Robin Carr
Dorridge;Kathleen Lloyd
Evington;Sandra Taylor
Southborough;Derek Thomas
Iver;Kyle Mann
Barton upon Humber;Charlie Moran
Timperley;Christine Whittaker
Whitchurch;Diane Robinson
Great Wyrley;Carol Brennan
Epping;Sheila Thomas
Bottesford;Aimee Walker
Tavistock;Gerard Jones
Churchdown;Aimee Byrne
Cudworth;Julie Jennings
Hellesdon;Caroline Cox
Highgate;Lesley Barnes
Ardrossan;Zoe Marshall
Oakham;Pamela Randall
Ponteland;Cameron Woodward
Mossley;Mary Evans
Hollinwood;Frances Clayton
Inverurie;Joanna O'Donnell
Soham;Jacqueline Reid
Rainhill;Graham Metcalfe
Stranraer;Owen Taylor
Earlestown;Patricia Young
Great Harwood;Mathew Collins
Methil;Helen Mahmood
Wooburn;Anna Green
Flixton;Sally Jones
Parkstone;Marc Watkins
Barnoldswick;Lauren Morgan
Stannington;Andrew Page
Selsey;Josh Ross
Royston;Joan George
Amesbury;Frank Jones
Ross on Wye;Alexander Newton
Desborough;Elliott Hughes
Hatch End;Valerie Duncan
Darfield;Lewis Jennings
Knowle;Bethany Marshall
Aylesford;Daniel Gray
Cookstown;Anna Doyle
North Tidworth;Eileen Cook
Longbenton;Tom White
Bishops Cleeve;Tom Kennedy
Blandford Forum;Samantha Wood
Englefield Green;Danielle Phillips
Felton;Tracy Daniels
Kingsteignton;Samantha Stewart
Abergele;Lucy Khan
Southwick;Bradley Cox
Whitburn;Gillian Ashton
Monmouth;Lindsey Faulkner
Ryhope;Marian Johnson
Fort William;David Hunt
Holbeach;Howard Collins
Chatteris;Edward Thompson
Eccleston;Katherine Hughes
Scartho;Daniel Anderson
Cowes;Colin Harris
Charlton Kings;Kathleen Oliver
Ickenham;Mandy Price
Shepton Mallet;Peter Brown
Prestonpans;Geoffrey Moore
Mildenhall;Tina Reeves
Broadstone;Danielle Clarke
Spitalfields;Hayley Vincent
Cheam;Malcolm Chambers
Ludlow;Kieran Harrison
Appleton;Paula Blackburn
Lemington;Maurice Richards
Snodland;Guy Brown
Castleton;Mandy Cox
Rogerstone;Edward Mellor
Hucclecote;Kenneth Rowe
Great Missenden;Denis Knight
Corfe Mullen;Charlene Jones
Beccles;Lauren Lawson
Padiham;Glen Faulkner
Worsley;Denise Hooper
Warfield;Bryan Perry
Mold;Beth Moss
Chapeltown;Marie Perry
Southwater;George Hawkins
Horbury;Edward Barker
Shevington;Pamela Archer
Downham Market;Georgia Roberts
Euxton;Elizabeth Miller
Marton;Justin George
Shildon;Cheryl Doyle
Bishopstoke;Melanie Edwards
Aberaman;Anna Marshall
Birchington;Molly Taylor
Handsworth;Glen Patel
Haddington;Guy Coates
Aldenham;Robert Scott
Baldock;Peter Slater
Worth;Keith Russell
Stocksbridge;Francis Reid
Kilsyth;Angela Young
Ellon;Joshua Walsh
Abram;Charlie Brown
Caernarfon;Timothy Hall
Ollerton;Leigh Moore
Choppington;Clare Hunter
Kippax;Jill Nicholson
Tottington;Matthew Harrison
Whitchurch;Nicola Preston
Dodworth;Leigh Burgess
Nairn;Dominic Burton
Balderton;Hilary Dean
Shepperton;Shaun Smith
Pembroke Dock;Joseph Bennett
Felpham;Kerry Evans
Cobham;Joan Williams
Raynes Park;Alison Bennett
Rhosllanerchrugog;Ronald Powell
Lambeth;Lindsey Hayward
Bradwell;Jessica Pearce
Glenfield;Tom Fletcher
Immingham;Yvonne Allan
Hockley;Paula Brown
Swanage;Rachael Heath
Boxley;Henry Stephens
Matlock;Terry Brown
Newburn;Charlene Peters
Skelton;Yvonne Webb
Sherborne;Jamie Hughes
Tadworth;Hayley Schofield
Worsborough;Douglas Hill
London Colney;Mark Scott
Emsworth;Terry Smith
Llantwit Major;Kayleigh Hardy
Bewdley;Linda Williams
Killamarsh;Callum Wallis
South Normanton;Bernard Marshall
Bradford-on-Avon;Charlie Gibson
Horsell;Dean Newman
Broadwater;Gavin Taylor
Wilnecote;Lewis Holden
Kirkwall;Hilary Ford
Ledbury;Scott Marsh
Crigglestone;Abigail Hurst
Towcester;Emma Davies
Bowdon;Joel Jenkins
Bude;Danielle Ali
Clay Cross;Edward Morgan
Launceston;Jane Bradley
Cullercoats;Benjamin Norton
Cupar;Georgia Sanders
Aberbargoed;Duncan Glover
Tiptree;Anna Barnett
Burscough;Steven Stewart
Yaxley;Gail Hilton
Pencoed;Megan Knight
Brandon;Gerard Smart
Larbert;Laura Roberts
Bingham;Sophie Vincent
Stevenston;Jane Holmes
Whitnash;Teresa Shaw
Usworth;Lynn Kirby
Portlethen;Jennifer Miller
Dinnington;Douglas Bartlett
Frodsham;Zoe Brown
Shanklin;Albert Mason
Armadale;Paula Cook
Bonhill;Guy Coates
Eaton Socon;Abigail Wilson
Rye;Ellie Wilson
Queensferry;Kathleen Smith
Barwell;Jessica Brown
Blairgowrie;Carole Byrne
Bovingdon;Tony Matthews
Dunblane;Rita Roberts
Ferryhill;Anne Morgan
Hayle;Jayne Farrell
Glastonbury;Bradley Wilson
Felling;Diane Hamilton
Great Cornard;Ben Turner
Caister-on-Sea;Geraldine Thomas
Irthlingborough;Terry Roberts
Sandiacre;Jane Waters
Holywell;Harriet Richardson
Partick;Alex Lane
Ifield;Leslie Ball
Leven;Colin Hudson
Rhymney;Brian Russell
Kirk of Shotts;Marian Evans
Great Dunmow;Albert Arnold
Brimington;Pauline Gough
Cherry Hinton;Charles Robson
Cowley;Connor Owen
Lydney;Guy Moore
Cockermouth;Hilary Stone
Littleport;Dean Bolton
Atherstone;Victor Brown
Raunds;John Cook
Chapel en le Frith;Richard Thompson
Canford Cliffs;Ross Hill
Whitwick;Lindsey Adams
Polegate;Mohammad Murphy
Oban;Sarah Wright
Sompting;Iain Wallace
Meltham;Sophie Khan
Worplesdon;Samuel Jackson
Penkridge;Carl Norman
Clayton le Moors;Leah Myers
Oakengates;Nicole Phillips
Bedwas;Margaret Mitchell
West Auckland;Gerard Scott
Hughenden;Kevin Roberts
Carlton Colville;Lesley Donnelly
Skewen;Deborah Murray
Cullompton;Matthew Thomas
Blackwood;Stephen Watson
Bersted;Joel Phillips
Cinderford;Carly Howe
Liphook;Alison Webb
Dunbar;Gerard Jones
Ramsey;Hollie Potter
Rochford;Carl Davies
Sawbridgeworth;Zoe Newton
Great Billing;Jenna Brown
Narborough;Lee Clark
Audley;Chloe Cook
Hornsea;Ashleigh Moss
Haxby;Keith Jackson
Welwyn;Anna Daniels
Polesworth;Damian Whitehouse
Richmond;Trevor Wilson
Seaton;Wendy Robinson
Woodchurch;Lucy French
Marlborough;Gail Hall
Annan;Michelle Wright
Yarm;Pamela Hall
Aveley;Francis Russell
Peebles;Tina Frost
Birtley;Judith Alexander
Torpoint;Martin Owen
Coleford;Maureen Harrison
Windermere;Grace Wallace
Glascote;Dominic Hudson
Aughton;Stephanie Clarke
Pocklington;Scott Green
Harlington;Joshua Bates
Buckie;Glen Smith
Tanfield;Arthur Fisher
Silsden;Maria Hunter
Paddock Wood;Robin Haynes
Hadleigh;Shane Green
Lanark;Jeremy Pratt
Brecon;Nicole Powell
Toton;David Atkinson
Billingshurst;Christine Morris
Mountsorrel;Stephen Day
Radcliffe on Trent;Wayne Cross
Bramley;Marie Wells
Egremont;Teresa Sheppard
Brierfield;Brett Dunn
Gowerton;Lauren Osborne
Walmer;Kevin Parsons
Heybridge;Allan Hughes
Goffs Oak;Benjamin Smith
Cam;Francesca Thompson
Highworth;Gillian Matthews
Shinfield;Holly Ward
Bucksburn;Guy Nicholson
Witley;Judith Walker
Dalton in Furness;Francis Green
Merstham;Irene Harrison
Wistaston;Jean Carr
Alnwick;Melanie Jarvis
Old Colwyn;Patrick Young
Monifieth;Patricia Walker
Ystradgynlais;Frank Holmes
Horden;Ann Miller
Brightlingsea;Stephanie O'Sullivan
Totnes;Ian Bird
Caerleon;Amber Hall
Stornoway;Josephine Edwards
Warlingham;Robert Davies
Merrow;Shannon Fraser
Trumpington;Edward Lyons
Wroughton;Charlene James
Radlett;Tracy Grant
Bearsted;Irene Burgess
Exhall;Nicola Owens
Hawkinge;Pamela Harding
Goring by Sea;Harry Price
Loftus;Kathleen Williams
Princes Risborough;Beverley Martin
Seasalter;Jacqueline Stewart
Newbold;Mark Savage
Coppull;Victoria Clayton
Harworth;Rhys Thorpe
Willerby;Wendy Wright
Denny;Caroline Dawson
Thurso;Angela Fowler
Newport-On-Tay;Jessica Simpson
Wadebridge;Stewart Matthews
Bollington;Julian Walker
Binfield;Mitchell Miah
Kinmel;Mohammad Palmer
Latchford;Victor Jackson
Sileby;Callum Brooks
Crediton;Clifford Morris
Millom;Abdul Johnson
Rainworth;Claire Wells
Edenbridge;Molly Harrison
Willesborough;Linda Brown
West Thurrock;Elliott Davies
Rainford;Caroline Mitchell
Annfield Plain;Joan Ball
Cross Gates;Abigail Johnson
Hook;Lynda Norman
Stopsley;Kate Jackson
Woodbridge;Jenna Whitehead
Stony Stratford;Beverley Williams
Tenterden;Margaret Carroll
Stonehouse;Heather Saunders
Byfleet;Maurice Anderson
Longridge;Damien Walker
Rothwell;Jade Wood
Cromer;Alexandra Porter
Treorchy;Julian Martin
Hassocks;Joanna Robinson
Kingsbury;Carolyn Williams
Wivenhoe;Neil Webb
Fakenham;Howard Abbott
Angmering;Kirsty Ward
Rhos-on-Sea;Alex Robertson
Sundon;Bradley Sykes
Codsall;Darren Hussain
Diss;Aimee Cooper
Saint Agnes;Michelle Holloway
Banchory;Tracy Gibbs
Pembroke;Beth Thomas
Yatton;Edward Cooke
Clydach;Eleanor Begum
Cramond;Caroline Barlow
Hucknall under Huthwaite;Vincent Scott
Whitworth;Karl Kelly
Stonehouse;Damian Moran
Currie;Rebecca Walters
Dinas Powys;Lorraine Marsden
Northam;Jeffrey Bradley
Strathaven;Joseph James
Norton Canes;Kirsty Turner
Littleborough;Pauline Matthews
Boultham;Francesca Bates
Chobham;Lee Reynolds
Burton Latimer;Shirley King
Clowne;Kyle Stevens
Ripponden;Nicholas Jenkins
Waltham Cross;Eleanor Harrison
Pyle;Dominic Akhtar
Wendover;Shannon Whitehouse
Harefield;Emily Griffiths
Wickersley;Eleanor Sullivan
Brockworth;Ashley Davies
Durrington;Kieran Scott
Upholland;Bryan Wilkinson
Mountain Ash;Robin Fisher
Crieff;Ronald Perry
Sheringham;Liam Burke
Shenstone;Mohammad Whittaker
Braunton;Charlotte Marsh
Bannockburn;Shaun Elliott
Greenhill;Tracy Hill
Wick;Shannon Williams
Brewood;Graham Hughes
Partington;Arthur Davis
Herne;Lorraine Cooper
Shaftesbury;Thomas Clements
Southwell;Josh Lewis
Titchfield;Gavin Farrell
Bramcote;Marie Webb
Swaffham;Glen Talbot
Roby;Andrea Evans
Basing;Christine Nixon
Kinvere;Callum Howarth
Peterculter;Lee Bishop
Ruddington;Elliot Taylor
Cotgrave;Marcus Whitehead
Watton;Jayne Khan
Brechin;Jeremy Patel
Whitchurch;Molly Evans
Kirkham;Kevin Benson
Warsash;Daniel Roberts
West Mersea;Jacqueline Harper
Wilmington;Jill Baker
Grove;Diane Thomas
Claygate;Shannon Giles
Sawston;Debra Day
Higham Ferrers;Molly Bentley
Denham;Connor Jackson
Coundon;Jemma Smith
Pershore;Conor Baker
Faringdon;Stewart Singh
Ashbourne;Bruce Hill
Allington;Elaine John
Hedon;Jacqueline Marshall
Wardle;Lewis Cooper
Calverton;Harry Mason
Abersychan;Vincent Macdonald
High Ackworth;Marcus Davies
Quarrington;Dean Allen
Kirkleatham;Michael Sullivan
Saint Peters;Zoe Phillips
Burley in Wharfedale;Alice Jones
Coxhoe;Henry Clark
East Cowes;Anthony Brown
Shifnal;Shaun Payne
Eston;Rita Jones
Crewkerne;Caroline Simpson
Westgate on Sea;Arthur Smith
New Romney;Martin Wilson
Warrenpoint;Hilary Whitehouse
Filey;Ruth Goodwin
Lerwick;Jacob Williams
Cleator Moor;Katherine Lee
Dowlais;Henry Shaw
Deeping Saint James;Aimee Norris
Kingswood;Bradley Brown
Church Gresley;Diana Robinson
Carlton;Clifford Wilkinson
Thornhill;Simon Welch
Bonnybridge;Diana Wyatt
Duntocher;Marilyn Edwards
Fishtoft;Glen Coleman
Lochgelly;Donna Little
Pontardawe;Jessica Carter
Pickering;Lisa Smith
Sturry;Damien Davies
Gedling;Aaron Robinson
Horncastle;Maureen Fraser
Penryn;Marion Smith
Lossiemouth;Dorothy Miah
Great Chart;Kimberley Harvey
Saint Blazey;Ian James
Park Street;Melissa Phillips
Bridge of Allan;Charlene Freeman
Torrisholme;Scott Kent
Branston;Shane Smith
Bolton upon Dearne;Lewis Bray
Esher;Clare Hall
Stepps;Marcus Hodgson
North Petherton;Kelly Davies
Sandycroft;Frederick Davies
Bishops Waltham;Justin Lawrence
Llandudno Junction;Ronald Jones
Meopham;Oliver Wilkinson
Cranbrook;Cameron Davis
Godmanchester;Louise Smith
Crowthorne;Donald Lees
Uddingston;Samuel Holmes
Dursley;Sam Garner
Aintree;Trevor Owen
Farington;Jane Thomas
Battle;John Matthews
Kimberley;Trevor Ashton
Sherburn in Elmet;Glen Owen
Sawley;Jayne Hutchinson
Rishton;Suzanne James
Twyford;Susan Warner
North Berwick;Naomi Anderson
Stewarton;Henry Benson
Budleigh Salterton;Susan Young
Southam;Ben Pugh
Lydd;Mary Lloyd
Downside;Ian Rowley
Alvechurch;Rachel Brown
Pakefield;Donald King
Chapelhall;Rosemary Davies
Muxton;Julie Clarke
Whetstone;Dawn Wells
Billinge;Damian Morton
Cove;Paul Brooks
Dingwall;Garry Hunter
Cwmafan;Victoria Wilson
Sawtry;Kim Singh
Wingerworth;Leah Johnson
Kelty;Alice Lewis
Anstey;William Morris
Frampton Cotterell;Ashleigh Francis
South Elmsall;Amelia Potts
Newbridge;Dennis Taylor
Danbury;Paul Bradley
Coleshill;Jennifer Walters
Olney;Mark Ellis
Houston;Gregory Long
Bothwell;Joseph Scott
Whaley Bridge;Vanessa Fuller
Pinhoe;Jill Barton
Girvan;Lauren Price
Peasedown Saint John;Rhys Hussain
Loanhead;Kathleen Patterson
Market Weighton;Ashleigh Smith
Castle Donnington;Olivia Lawson
Waltham;Marcus Lee
Wheathampstead;Lisa Hopkins
Weaverham;Cheryl Thomas
Abercynon;Graham Bennett
Egham;Denis Fletcher
Haworth;Jack Brown
Countesthorpe;June Howarth
Treharris;Rachael Hussain
Beith;Alexander McDonald
Long Ditton;Aimee Ford
East Leake;Joseph Ferguson
Chipping Norton;Kevin Foster
Enderby;Samuel Marsden
Cheddleton;Teresa Dawson
Sauchie;Jonathan Bradley
Burwell;Grace Lewis
Newbiggin-by-the-Sea;Kate Begum
Lydiate;Matthew Clark
Thames Ditton;Tony Allen
Hadfield;Eric Daniels
Swanscombe;Beverley Wright
Liss;Carol Mills
Stainforth;Billy Marshall
Pontardulais;Katherine Hussain
Newarthill;Barry Abbott
Alcester;Phillip Davies
Marshfield;Nigel Clements
Burntisland;Jessica Forster
Handforth;Ronald Dyer
Southbourne;Alan Miller
Calstock;Kyle Stevens
Thrapston;Louise Pearce
Chalford;Gillian Scott
Altofts;Alison Norman
Blaby;Stewart Welch
Stotfold;Bethany Miah
Bursledon;Lesley Kelly
Garswood;Francis Tomlinson
Frimley;Brandon Dawson
Bilton;Jacqueline Gould
Barrowford;Edward Robertson
Landore;Gregory Brown
Rhoose;Leon Green
Withernsea;Rebecca Smith
Colnbrook;Benjamin Taylor
Malvern Link;Jenna Harrison
Bulkington;Adam Watts
Magor;Julie Scott
Pembury;Georgina Lynch
Waddington;Kevin Ward
Kingsbridge;Paul Gallagher
Orsett;Carolyn Cox
Wem;Stanley Davey
Stonewood;Gordon Willis
Llantwit Fardre;Damian Moore
Hollington;Wendy Dawson
Rowlands Gill;June Turner
Cottenham;Naomi Walker
Chipping Ongar;Grace Evans
Kirriemuir;Max Miles
Blaenavon;Daniel Williams
Balloch;Joanna McDonald
Strensall;Caroline Palmer
Long Ashton;Francis Bryan
Amble;Christian Scott
Freckleton;Claire Howard
Seaton Carew;Kimberley Sheppard
Stansted Mountfitchet;John Gardner
Adlington;Emily Butler
Market Deeping;Georgina Robinson
Tadcaster;Eleanor Perry
Staplehurst;Michael Clarke
Fordingbridge;Gail Jones
Highbridge;Rita Dyer
New Inn;Liam Harvey
Ventnor;Holly Storey
Broughton;Thomas Jones
Great Warley Street;Timothy Mann
Farnham Royal;Stanley Morgan
Porth;Joan Wood
Great Burstead;Ross Harris
Colney Heath;Julie Byrne
Lea Town;Guy Baxter
Saltburn-by-the-Sea;Joanna Lawson
Burghfield;Bethan Coates
Godstone;Max Akhtar
Welshpool;Caroline Alexander
Crumlin;Emma Field
Ormesby;Jessica Todd
Pagham;Ben Webster
East Preston;Tom Ali
Blythebridge;Simon Owen
Chalfont Saint Giles;Damien Sanders
Chinnor;Irene Clark
Okehampton;Roy Dickinson
Briton Ferry;Lydia Thomson
Tillicoultry;Shirley Jones
Honley;Lucy Hyde
Studley;Lewis Connolly
Bramley;Dennis Holmes
Govan;Lydia Dale
Barrow upon Soar;Cameron Roberts
Wellesbourne Hastings;Denis Jones
Wigton;Joel Thomas
Locharbriggs;Brett Banks
Stoke Mandeville;Dennis Whittaker
Steyning;Jack Preston
Dyce;Pamela King
Ilminster;Sian Shaw
Helmshore;Dean Coleman
Gildersome;Bryan Davies
Nailsworth;Benjamin Rees
East Calder;Russell Campbell
Callington;Marilyn Pearson
Selkirk;Edward Pugh
Crofton;Suzanne Williams
Gorebridge;Paige Elliott
Hungerford;George Atkinson
Axminster;Neil Lawrence
Ibstock;Samantha Bibi
Cheddar;Beverley Bray
Cumnor;Patricia King
Ballingry;Roger Horton
Galleywood;Craig Porter
Oundle;Max Kirby
Treherbert;Jayne Burton
Broughton;Brett Coates
Sidley;Philip Ryan
Hoylake;Georgina Hayward
Pinxton;Sean Barrett
Cheadle;Maureen Clark
Preesall;Dean Berry
Hethersett;Scott Black
Ash Vale;Phillip Fletcher
Markfield;Mary Bull
Hordle;Marc Lambert
Tarleton;Kyle Jones
Littlemore;Roy Gould
Kelso;Michael Peters
Elderslie;Antony McCarthy
Humberston;Kevin John
Wadsley;William Smith
Wotton-under-Edge;Luke Jones
West Byfleet;Janet Kennedy
Brigg;Emma Bennett
Radstock;Aimee Kent
Headley;Jamie Booth
Leavesden Green;Molly Knight
Holmes Chapel;Daniel Norris
Great Bookham;Jemma Curtis
Bagshot;Arthur Davidson
Blean;Paula Smith
Great Wakering;Marion Smith
Marchwood;Fiona Smith
Arlesey;Joseph Leonard
Askern;Alice Gough
Pannal;Eileen Webb
Carnforth;Rosemary Jackson
Lexden;Lydia Hall
Gorleston-on-Sea;George Lane
Hengoed;Paige Leach
Brynmawr;Geraldine Norman
Drighlington;Guy Dixon
Chickerell;Graham Brown
Hartford;Denis Ahmed
Leiston;Rebecca Noble
Aylsham;Gavin Taylor
Utley;Marie Ali
Longton;Vanessa Jones
Bowling;John Fry
Dore;Leon Brown
Wareham;Julia Thomas
Barnard Castle;Natasha Robinson
Drayton;Roy Dixon
Balerno;Charlene Johnson
Tidenham;Julie Black
Martlesham;Megan Begum
Tetbury;Joel Roberts
Cockenzie;Keith Weston
Thorpe;Benjamin Walker
Rhuthun;Max Waters
Wyke Regis;Sheila Wright
Barton on Sea;June Jackson
Griffithstown;Jennifer James
Shenfield;Anne Wade
New Alresford;Harriet Harrison
Cardenden;Samuel Bailey
Ammanford;Judith Potter
Bilton;Rebecca Thompson
Fishguard;Mohammed Kelly
Perranzabuloe;Emma Chambers
Illogan;Josh Edwards
Dalry;Carol Banks
Brotton;Hayley Farmer
Lindfield;Louise Patel
Earls Barton;Norman Hart
Writtle;Deborah Green
Malmesbury;Heather Higgins
Kirton;Shirley Williams
Freshwater;Sam Talbot
Hartley;Georgina Hopkins
Abercarn;Molly Turner
Bidford-on-Avon;Jonathan Wilson
Sollom;Karen Bishop
Redbourn;Justin Hughes
Newton Grange;Paula Phillips
Cuddington;Frances Tomlinson
Newmains;Julia Knight
Polmont;Joel Stephenson
Bourne End;Bradley Hughes
Neilston;Jay Richardson
Wool;Donna Roberts
Alness;Katherine Pritchard
Paulton;Hazel Foster
Murston;Mark Richardson
Brayton;Russell Gallagher
Roundway;Diane Ward
Glyncorrwg;Sophie Edwards
Wincanton;Howard Mitchell
Keswick;Max Bailey
Tickhill;Arthur Marsh
Tettenhall;Thomas Hanson
Sedgefield;Bradley Green
Measham;Cameron Patel
Newent;Kyle Cook
Hunters Quay;William Harrison
Ore;Linda Williams
Edwinstowe;Donald Bennett
Church;Janice Dixon
Holytown;Brenda Fisher
Quorndon;Natalie Kirby
Holmfirth;Nathan Garner
Ruskington;Clare Archer
Waterbeach;Francis Robinson
Brixworth;Nathan Sanders
Woodville;Andrew Porter
Pinchbeck;Carol Wright
Nursling;Dominic Miller
Bungay;Geraldine Bradley
Kinross;Rachel McDonald
Cwmbach;Carl Smith
Llangefni;Megan Webb
Looe;Cameron Patterson
Great Meols;Sarah Owens
Elstree;Mary Turner
South Molton;Dominic Thornton
Botley;Hollie King
Grangetown;Leah Wilkins
Oakley;Michael Jackson
Swanwick;Sally Smith
Baystonhill;Rachel Lawson
Middleton-on-Sea;Josephine Williams
Kings Langley;Jake Nash
Harleston;Charlotte Mellor
Dartmouth;Abbie Skinner
Harlescott;Jonathan Harrison
Turriff;Sarah Lewis
Sheriff Hill;Natasha Watson
Treforest;Victoria Reed
Earlswood;Sarah Smith
Duffield;Helen Lane
Chipping Sodbury;Robert Gibson
Whiston;Kenneth Rees
Wirksworth;Michelle Nicholson
Shipston on Stour;Jennifer Kelly
Pyrford;Gemma Bishop
Heage;Amber Wallis
Henfield;Gail Tucker
Gresford;Emma Greenwood
Blackrod;Eileen Cooke
Marston Green;Jemma Walton
Barton-le-Clay;Brandon Collier
Galston;Kathleen Price
Sacriston;Rosemary Parker
Thirsk;Rosie Wright
Loughor;Sian Myers
Hirwaun;Danny Evans
Sandwich;David Atkins
Speldhurst;Lisa Francis
Helsby;Scott Lawrence
Hurlford;Nicole Stokes
Hilperton;Mathew Hughes
New Tredegar;Marilyn Knight
Llangennech;Nicole Murphy
Alva;Gavin George
Silverdale;Jade Howard
Bromham;Connor Stokes
Hildenborough;Glenn Atkinson
Forest Row;Neil Smith
Buntingford;Marie Bennett
Lyneham;Amelia Garner
Sturminster Newton;Anthony Whitehead
Broseley;Carol West
Shefford;Barbara Webster
Oxshott;Mitchell Lawson
Longfield;Ben James
Midhurst;Jonathan Wilson
Datchet;Margaret Wilson
Willaston;Darren Wilkinson
Hawkhurst;Russell Hardy
Cranfield;Vanessa Thomas
Winterton;Karen Lane
Ottery Saint Mary;Deborah Wright
Inverkeithing;Laura Berry
Malton;Marion Knowles
Wadhurst;Josephine Hurst
Sunningdale;Tracey Brady
Ffestiniog;Marie Cole
Potton;Marie Cox
Nunthorpe;Joshua Edwards
Brampton;Joanne Gibson
Campbeltown;Sean Knight
Darenth;Dale Pratt
Rothesay;Barbara Bartlett
Garlinge;Anthony Smith
Earls Colne;Samantha Davies
Melbourne;Joanna Stanley
Brymbo;Gail Thornton
West Hallam;Benjamin Marshall
Easton-in-Gordano;Shannon Thompson
Crowle;Brett James
South Cave;Kevin Stone
Long Sutton;Danny Long
Old Kilpatrick;Sheila Harper
Wickham;Marian Baker
Blaina;Eileen Bell
Wilsden;Colin Wilkins
Shirland;Owen Graham
Milton Regis;Sandra Patterson
Stokenchurch;Joanna Jones
Taibach;Carly Mason
Four Marks;Liam McDonald
Heslington;Kenneth Hudson
Shiremoor;Hannah Cross
Laleham;Marian Reed
Alderley Edge;Katy Walton
Old Windsor;Mark Miah
Llanbradach;Janet Jones
Cilybebyll;Richard Williams
Martock;Brett Turner
Blackburn;Allan Mason
Maybole;Jill Walker
Stokesley;Kimberley Lloyd
Benson;Kieran Jones
Stoke Poges;Alexander Waters
Heacham;David Talbot
Irchester;Joel Edwards
Uppingham;Sian Clarke
Gnosall;Jonathan King
Bethesda;Marcus Kelly
Keith;Debra Cooper
Fauldhouse;Natasha Palmer
Bovey Tracey;Karl Kirby
Halesworth;Kevin Lewis
Roose;Olivia Clark
Kelvedon;Jemma Smith
Almondsbury;Kathleen Jenkins
Coedpoeth;Shannon Hill
Greenhithe;Mathew Evans
Somerton;Marie Burrows
Lakenheath;Henry Short
Pulborough;Elliot Marshall
Milton;David Burke
Fulbourn;Ian Kirby
Church Stretton;Hilary Duffy
Kirby Muxloe;Tony Harvey
Milford on Sea;Mary Lee
East Wittering;Bernard Hartley
Eccleshall;Ricky Evans
Eynsham;Jonathan Hill
Ringmer;Justin Porter
Nelson;Georgina Gardiner
Bray;Lisa Lewis
Dersingham;Sean Jackson
Bishopton;Tom Brennan
Sandgate;Rachael Moss
Clanfield;Timothy Young
Nantyglo;Edward Clark
Bridge of Weir;Michael Elliott
Great Ayton;Carole Jones
Brampton;Grace Williams
Easingwold;Dennis Moore
Norton;Bethany Williams
Mytchett;Lisa Mann
Kennoway;Eric Hudson
Toddington;Jean Matthews
Saint Columb Major;John Williams
Haxey;Antony Griffiths
Portree;Abdul Harrison
Girton;Karen Collins
Stoke Prior;Dennis Rice
Marston Moretaine;Declan Hughes
Borough Green;Joseph Carter
Siston;Mitchell Harrison
Skelmanthorpe;Claire Quinn
Sully;Leon Fisher
Wetheral;Stewart Davey
Winchcomb;Samantha Richardson
Earby;Glen Donnelly
Huntington;Roger Carroll
Burnopfield;Martyn Thomas
Colwich;Olivia Wilson
Linton;Lesley Ball
Ingatestone;Susan Scott
Haddenham;Pauline Burgess
Lees;Andrea Mann
Bromyard;Terence Willis
Menston;Nicholas Begum
Knebworth;Lynne Payne
Saint Athan;Danny Bray
Coalville;Marion Brown
Dunoon;Ruth Taylor
Ferring;Francis Roberts
Kingsthorpe;Sara Turnbull
Kintore;William Patterson
Westerham;Kimberley Osborne
Shenley;Gerard Carter
Chirk;Eleanor Day
Lingfield;Craig Moss
Cowpen;Amanda Taylor
Huntly;Julie Jones
Blidworth;Jayne Clarke
Sutton Bridge;Derek Pugh
Swynnerton;Dylan Bibi
Newlyn;Jasmine Miller
New Scone;Alice Price
Wilford;Joel Birch
Ludgershall;Martin Hill
Long Stratton;Harry Glover
Huncoat;Amanda Rees
Melbourn;Martin Dixon
Odiham;Amanda Storey
West Kilbride;Nicole Carr
Blackwell;Amelia Sullivan
Fazeley;Anna Davies
Hatfield Peverel;Stewart Knight
Steeton;Kate Holmes
Seaton Delaval;Margaret Shaw
Thringstone;Arthur Cox
Winwick;Paul Murphy
Penmaenmawr;Matthew Ryan
Llanasa;Patricia Khan
Seamer;Angela Clarke
Bransgore;Mitchell Hammond
Burstow;Janet Simpson
Kessingland;Maureen Reed
Welton;Bradley Grant
Albrighton;Amelia Doyle
North Hinksey;Margaret Lloyd
Overton;Jacqueline Jones
Carcroft;Geraldine Wood
Fremington;Sophie Khan
Finedon;Angela Taylor
Lawford;Duncan Taylor
Kirkburton;Harry Slater
Cwm;Natasha Singh
Cuffley;Jill Harrison
Disley;Callum Jones
Horsehay;Lynne Reid
East Horsley;Martin Lowe
Hagley;Nicholas Owen
Glynneath;Gregory Griffin
Saint Osyth;Jean Porter
Ruabon;Carly Smith
Southminster;Naomi Moore
Garstang;Jayne Murray
Nazeing;Carl Lewis
Eccleston;Aaron Carter
Chartham;Marc Payne
South Wootton;Glenn Lawrence
Send;Hilary Bull
Newhouse;David Briggs
Shelford;Caroline Harvey
Hunstanton;Alex Williams
Dalbeattie;Joan Hartley
Cricklade;Jade Wilson
Barton under Needwood;Michelle Robinson
Hope;Georgia Reid
Madeley;Sally Roberts
Crowland;Stephanie Wright
Bulford;Marcus Bennett
Hugglescote;Suzanne Little
Porthmadog;Mandy Wilson
Cardigan;Olivia Taylor
Whittington;Shannon Green
Ferndale;Brenda Dawson
Grenoside;Michael Cooke
Castle Douglas;Shane Nolan
Copmanthorpe;Jasmine Davey
Loudwater;Denis Winter
Ashburton;Timothy Wall
Wingate;Karen Smith
Bagillt;Glenn Thomas
Bugle;Leah Begum
Horsford;Eleanor Rose
Oystermouth;Craig Gallagher
Beddau;Stuart Thomas
Milford;Joan Smith
Wootton;Tracy Ross
Shalford;Henry Jones
Howden;Gordon Lee
Standon;Tina West
Llanllyfni;Hannah Gill
Keele;Deborah Wilson
Bolton le Sands;Steven Patel
Llantarnam;Janet Hunter
Terrington Saint Clement;Danny Smith
Mauchline;Justin Daniels
Skellow;Bernard French
Lambourn;Alison Knight
Lennoxtown;Denise Gibson
Newton Stewart;Colin Williams
Jedburgh;Caroline Harris
Boston Spa;Katie Collier
Pwllheli;Hannah Williams
Invergordon;Derek Brown
Saltford;Reece Palmer
Bare;Rachael Lawson
Cowbridge;Lynne Wilson
Cold Ash;Geoffrey Hall
Theydon Bois;Jill Farmer
Thrybergh;Leigh Bailey
Easington;Sophie Dickinson
Baxenden;Helen Richards
Hesketh Bank;Martyn Hussain
Altarnun;Timothy Richards
Bar Hill;Louise Tomlinson
Brundall;Jasmine Page
Branston;Paige Hill
Willingham;Damian Hudson
Kemsing;Margaret Higgins
Wraysbury;Grace Jones
Chudleigh;Jordan Coles
Lockerbie;Dominic Smith
Woodhall Spa;Edward Powell
Kings Worthy;Toby Wilson
Blaenau-Ffestiniog;Marion Webster
Kilmacolm;Kirsty Mahmood
Sible Hedingham;Jonathan Read
Warboys;Kate Owen
Saxilby;Samantha Martin
Banff;Derek Townsend
Hadlow;Glen Slater
Ormesby Saint Margaret;Max Wright
Broomfield;Hannah Shepherd
Bisley;Olivia Mills
Higham;Carly Ward
Elm;Sean Bird
Penn;Nicholas Jones
Elmswell;Andrew Whittaker
Mytholmroyd;Stephen Jones
Bakewell;Jade Brown
Ynysddu;Beverley Birch
Auchterarder;Graham Fleming
Ushaw Moor;Marie Rowe
Deganwy;Marion Finch
Tayport;Shirley Hammond
Coggeshall;Carl Lewis
Long Melford;Neil Burton
Shedfield;Diana Jones
Long Buckby;Lydia Jones
Edwalton;Kimberley Scott
Wheatley;Stanley Marshall
Market Rasen;Kimberley Adams
Hardwicke;Frank Horton
Whyteleafe;Melissa Metcalfe
Whitwell;Billy Lynch
Purton;Lawrence Ellis
Rothley;Brett Marshall
North Ferriby;Francesca Townsend
Hartshorne;Linda Patel
Warmsworth;Reece Lawrence
Chasetown;Maurice Anderson
River;Cameron Roberts
Hindhead;Amy Robinson
North Elmsall;Teresa Williams
Ticehurst;Sophie Leonard
Kemnay;Ian Khan
Beaufort;Dorothy Peacock
Coningsby;Melanie Cook
Mayland;Guy Ashton
Pengam;Scott Duncan
Wrockwardine;Gavin Lewis
Linthwaite;Zoe Jackson
Ellesmere;Stuart Talbot
Capel;Dean Barker
Brynna;James Ellis
Deanshanger;Charlene Hodgson
Bowness-on-Windermere;Toby Adams
Holt;Hugh Parkes
Stratfield Mortimer;Samantha Armstrong
Somersham;Reece Foster
Swanland;Donald Taylor
Poringland;Jacqueline Dodd
Belhelvie;Ronald Taylor
Upper Beeding;Katy Jackson
Stoney Stanton;Amelia Sykes
Walton le Dale;Natasha Smith
Banks;Jonathan Gibson
Haltwhistle;Dale Heath
Amlwch;Danielle Finch
Tibshelf;Stuart Ellis
Watchet;Geraldine Price
Gullane;Aaron Fletcher
Tenbury;Rebecca Andrews
Macduff;Denise Harding
Dymchurch;Nicola Duffy
Tonypandy;Aimee Gibson
Wyberton;Jonathan Graham
Worlingham;Martin Clark
Auckley;Sara Smith
Lamesley;Jeffrey Booth
Melton;Emily Jones
Epworth;Kirsty Bradley
Harewood;Harry Roberts
Topsham;Lydia Fletcher
Addingham;Andrew Watson
Marden;Kim Allan
Messingham;Vincent Moore
Spixworth;Marilyn Jones
Sutton-in-Craven;Michael Roberts
Rhuddlan;Samuel Briggs
Feock;Bethany Hodgson
Caddington;Helen Hobbs
Garelochhead;Dominic Nicholson
Holton le Clay;Nicholas Byrne
Pirbright;Deborah Owen
Bembridge;Melanie Hunt
Lesmahagow;Leanne Fisher
Aston Clinton;Ashleigh Taylor
Desford;Joseph Hobbs
Old Brampton;Thomas Hopkins
Highcliffe;Kayleigh Morris
Taff's Well;Tracy Clark
Corbridge;Grace Lloyd
Lyme Regis;Annette Byrne
Dobwalls;Mitchell Brown
Llangollen;Emma Powell
Maresfield;Barry Sykes
Pilning;Stanley Williams
Saxmundham;Julian Rhodes
Clapham;Melissa Taylor
Llanharry;Bradley Murphy
Llanfairfechan;Gavin Davies
Stoneleigh;Owen Shepherd
Penclawdd;Ben Davies
Pewsey;Marian Johnson
Whalley;Fiona Owen
Kilbarchan;Russell Pugh
Kilburn;Lawrence Turner
Aviemore;Anna Dixon
Wembdon;Alexander Heath
Haven Street;Dale Brown
Wigginton;Caroline Winter
Newton;Bryan Banks
Frizington;Ian Wilson
Highley;Mandy Thornton
Metheringham;Elaine Nicholls
Kegworth;Maurice Russell
Anstruther;Jonathan Bennett
Carfin;Susan Davies
Boreham;Nicholas Collier
Parkgate;Bryan Patel
Tain;Peter Young
Bottesford;Kim Wilson
Elton;Mohammed Brown
Shawforth;Joyce Robson
West Parley;Damian Poole
Oughtibridge;Carl Charlton
Wilton;Fiona Hayes
Harthill;Kevin Martin
Bawtry;Carol Bevan
Yapton;Nicola Chan
Martham;Rita Johnston
Limpsfield;Toby Manning
Bramley;Shirley Jones
Wisbech Saint Mary;Mitchell Robinson
Scarisbrick;Nathan Smith
Brockenhurst;Olivia Thompson
Carisbrooke;Amber Hanson
Upton;Ashley Finch
Dreghorn;Judith Johnson
Marham;Damien Wood
Stamford Bridge;Sian Brown
Box;Amy Sharp
Kidwelly;Carole Burgess
Mulbarton;Mathew Morgan
Auchinleck;Jacob Robertson
Barkham;Sam Lane
Bitton;Mark Hughes
Cosby;Lawrence Bird
Whaplode;Matthew Thompson
Moulton;Frances White
Moulton Chapel;Marc Burton
Cults;Harriet Cartwright
Marsden;Mohamed Burke
Withnell;Anna Williams
Congresbury;Glen Tomlinson
Melling;Elliott McCarthy
Moreton in Marsh;Donna Charlton
Yelverton;Wendy Hunter
Wollaston;Ann Thompson
Inverkip;Mohammad Jordan
Denholme;Gerard Marsden
Pilsley;Fiona Howe
Pentyrch;Martyn Franklin
Arundel;Owen Davey
Prestbury;Kelly Hill
Clipstone;Victor James
Llanharan;John Dickinson
Skellingthorpe;Shane Burke
Otford;Valerie Powell
Neyland;Jade Morris
South Cerney;Scott Wilson
Alford;Steven Sharp
Cholsey;Mark Barber
Moulton;Stephanie Gregory
Redlynch;Jennifer Daly
Sway;Jasmine Lowe
Wootton;Shirley Lawrence
Water Orton;Timothy Webb
Burton Joyce;Grace Ryan
Nettleham;Shaun Walker
Gilfach Goch;Alice Bradley
Gilberdike;Anne Cross
Lytchett Matravers;Tracy Thomas
Wonersh;Lawrence Walker
Queenborough;Stanley Wood
Boroughbridge;Richard Fletcher
Avonmouth;Allan Fisher
Bramhope;Nicola Lane
Westerleigh;Chelsea Marshall
Marston;Hilary Elliott
Thorngumbald;Hazel White
Pen-y-cae;Lawrence Marshall
Kirkliston;Wayne Price
Chapel Saint Leonards;Ben Bolton
Glemsford;Susan Barker
Benllech;Aimee Oliver
Swillington;Clifford Day
New Buildings;Sharon Miles
Llanbadarn-fawr;Joseph Chambers
Menai Bridge;Annette Smith
Bilsthorpe;Adam Daniels
Bloxham;Melanie Wilson
Lenham;Matthew Whittaker
South Petherton;Arthur Chapman
Takeley;Vanessa Wilkinson
Saundersfoot;Duncan Jennings
Darvel;Arthur Scott
Washingborough;Patricia Mason
Saint Asaph;Bruce O'Donnell
Heckington;Clare Wong
Kirkcudbright;Gemma Godfrey
Clackmannan;Daniel Fox
Codicote;John Morton
Haddenham;Charlie Hughes
West Bergholt;Brett Phillips
Buxted;Thomas Lowe
Framlingham;Damian Miller
Leverington;Julian Jackson
Lowdham;Arthur Davies
Buckfastleigh;Bethany Ryan
Llanrwst;Stuart Moore
Wedmore;Liam Brooks
Blofield;Connor Carroll
West Chiltington;Louis Dawson
Boughton Monchelsea;Georgina George
Burghill;Josh Ali
West Wellow;Abbie Coles
East Peckham;Kate Lowe
Bourton on the Water;Dawn Conway
Nottage;Susan Phillips
Ashfordby;Dean Wong
Newtonhill;Mark Cook
Pegswood;Alan Green
Hemsby;Henry King
Gobowen;Carolyn Williams
Wilstead;Tony James
Cuckfield;Aimee Carey
Crosskeys;Nathan Jones
Towyn;Claire Ford
Barlborough;Sharon Hancock
Laceby;Scott Jones
Preston;Sam Holloway
Bishopston;Guy Lane
Gamlingay;Jacqueline Jenkins
Little Paxton;Hollie Atkins
Headcorn;Eleanor Crawford
Bishopthorpe;Brian Hall
Fairford;Jake Davies
Thurston;Caroline Thomas
Rossett;Thomas Clark
Mid Calder;Mandy Sanders
Pontesbury;Matthew Clarke
Hendy;George Spencer
Cambusbarron;Carl Shaw
Law;Tina Nicholls
Endon;Samantha Hudson
Chestfield;Ann Howarth
Rotherfield;Barry Edwards
Goudhurst;Robert Tomlinson
Swalwell;Kevin Jones
Malvern Wells;Declan Chambers
Alyth;Shane Kerr
Treeton;Dennis Lloyd
Long Lawford;Nathan Hodgson
Knighton;Charlotte Harrison
Holme upon Spalding Moor;Harriet Cox
Bream;Helen Taylor
Alderholt;Brian Davey
Harrington;Douglas Hall
Kingsclere;Amber Harper
Maerdy;Abigail Atkinson
Bedale;Charlie Greenwood
Catterick;Carly Peters
Silkstone;Carole Price
Pevensey;Tom Berry
Stalham;Sophie Saunders
Berkswell;Irene Brown
Chipstead;Derek Robinson
Markyate;Gordon Jones
Little Plumstead;Gerald Howell
Maulden;Pamela Metcalfe
Hunmanby;Dawn Davies
Weston Turville;Ian Thomas
Ogmore Vale;Clifford Vaughan
Eaglesham;Zoe Dale
Eastergate;Kenneth Owens
Willaston;Craig Rowe
Llangendeirne;Dean Payne
Eriswell;Shannon Butler
Woodstock;Roy O'Connor
Beaminster;Andrea Harding
Laurencekirk;Adrian Payne
Leslie;Gary Green
Langford;Hazel Adams
Draycott;Kirsty Schofield
Chailey;Denis Jackson
Iwade;Dorothy Morris
Kenton;Lynda Taylor
Wrecclesham;George Davey
Tutbury;Samuel Jones
Downton;Kenneth Thompson
West Calder;Sara Smith
Scotter;Gregory Harrison
Perranporth;Andrew Walker
Porthleven;Ryan Hughes
Drybrook;Shaun Jones
Felsted;Melanie Winter
Northop;Sylvia Herbert
Norton Fitzwarren;Ashleigh Jackson
Spilsby;Karl Hill
Tardebigge;Paula Begum
Kirkby Moorside;William Wilkinson
Cleobury Mortimer;Natasha Jones
Kincardine;Natasha Wells
South Hetton;Tracy Wade
Gwithian;Bradley Hill
Llangynwyd;Deborah Harrison
Petworth;Marian Morris
High Bentham;Anna Smith
Painswick;Jean Evans
Barrow upon Humber;Lynne Owen
Eastchurch;Mitchell Hope
Ystalyfera;Katherine Smith
Margam;Hugh Goodwin
Rendlesham;Terence Ford
Newbold Verdon;Kathryn Cooper
Saughall;Lydia Burns
West Melton;Rhys Berry
Cleland;Robert Chandler
Steynton;Maurice Brown
Longtown;Hazel Taylor
Breage;Barbara Morgan
Llanfairpwllgwyngyll;Emily Wright
Sealand;Wendy Harrison
Saint Clears;Trevor Hughes
Padstow;Charlene Williams
Collingham;Joan Jones
Normandy;Gavin Taylor
Pangbourne;Alison Smith
Lyndhurst;Charlene Davis
Bletchingley;Aimee Hardy
Colerne;Molly Hurst
Hopton on Sea;Mandy Hilton
Lampeter;Jill Lee
Belton;Katy Adams
Cringleford;Anna Hall
Mere;Samuel Jones
Llanwern;Clifford Barton
Chiddingfold;Rebecca Bailey
Trimdon;Nicholas West
Gosberton;Gary Bentley
Alveston;Claire Gibson
Heath;Grace Davis
Pitstone;Bethany Miller
Camelford;Olivia Austin
Fernhurst;Lisa Flynn
Charminster;Jade Walker
Healing;Ben Thomas
Dunchurch;Jayne Barrett
Brodsworth;Dawn Wood
West Grinstead;Patricia Campbell
Cullingworth;Rita Elliott
Kinghorn;Paul Thorpe
Great Totham;Kelly Banks
Llanidloes;Sam Burns
Totland;Kieran Patel
Croft;Patrick Wood
Banwell;Jill Ryan
Heighington;Jane Palmer
Croston;Tracy Schofield
East Woodhay;Naomi Fisher
Llanrug;Allan Watson
Holmewood;Heather Butcher
Bruton;Eleanor Jones
Etwall;Andrea Wright
Silloth;Abbie Jones
Pucklechurch;Jordan Charlton
Teynham;Amanda Moore
Chryston;Justin Bailey
Bosham;Rosemary Burgess
Prees;Michael Reid
Ryhill;Kathryn Noble
Wiveliscombe;Natasha Chan
Stainton;Anthony Sutton
Chieveley;Jean O'Brien
New Cumnock;Annette Carter
Upton upon Severn;Leanne Cooper
Papworth Everard;Nigel Howard
Halkyn;Gillian Clark
Harton;Derek Byrne
Clifton;Debra Harrison
Much Wenlock;Douglas Davies
Capel Saint Mary;Angela Francis
Dollar;Francesca Lloyd
Minchinhampton;Mohammad Carter
Shawbury;Charles Dale
Swanmore;Keith Godfrey
Fen Stanton;Lindsey Smith
Bookham;Jodie Pearce
Over;Jason Phillips
Much Hadham;Annette Poole
Barlaston;Tina Glover
Ottershaw;Katie Jones
Alrewas;Roger Knight
Lechlade;Caroline McDonald
White Waltham;Jenna Jennings
Thaxted;Sally Lowe
Bishops Lydeard;Conor Davies
Sheering;Carly Morris
Theale;Tom Price
Usk;Abdul Houghton
Tattershall;Eric Baker
Aspatria;Samantha Chapman
Charlbury;Colin Watson
Chalgrove;Charlotte Lewis
West Horsley;Owen Yates
West Coker;Timothy Smith
Cranwell;Marie Norris
Feltwell;Frank Ross
Cymmer;Hollie Turner
Acle;Bernard Austin
South Brent;Stuart Ward
Halling;Teresa Atkinson
Crich;Carolyn Grant
Glenboig;Sharon Holmes
Adderbury;Leigh Robinson
Cantley;Luke Bennett
Lostwithiel;Patricia Gray
Appledore;Rachel McCarthy
Northchurch;Maureen Gilbert
Donington;Ashley Bray
Buckden;Charles John
Milborne Port;Ellie Watts
Newmilns;Leonard Harris
Clydach Vale;Aimee Brookes
Chinley;Ross Schofield
Rudgwick;Duncan Barker
West Monkton;Luke Harvey
Saint Dennis;Frank Nolan
Fulford;Nicholas Marsh
Smalley;Liam Jones
Mitcheldean;Toby McCarthy
Milltimber;Derek Martin
Ellington;Clive Higgins
Pitlochry;Tracy Bailey
Kilnhurst;Dale Mahmood
Radley;Jacob Thompson
Bugbrooke;Ben Brown
Rowlands Castle;Mohammed Khan
Pontyberem;Ben Gregory
Charing;Gavin Lane
Sedbergh;Toby Hughes
East Bergholt;Charlie Begum
Lickey End;Elizabeth Thomson
Mundesley;Cheryl Graham
Locking;Megan Williams
Callander;Jacqueline Pritchard
Burton upon Stather;Stanley Brown
Icklesham;Jodie O'Connor
Upwell;Gemma Singh
Davenham;Graeme Ahmed
Wing;Christopher Curtis
Hambleton;Conor Greenwood
Llysfaen;Michelle King
Wendron;Amber Lloyd
Greenfield;Sally Williams
Wembury;Dylan Hudson
North Collingham;Frances O'Brien
New Earswick;Jemma Lucas
Batheaston;Mohammed King
Farnsfield;Graeme Powell
Tarvin;Edward Lloyd
Watlington;Russell Foster
Mintlaw;Marie Doherty
Crosshouse;Carole Richards
Wolsingham;Molly Coles
Lingwood;Peter Miller
Meriden;Connor Johnson
Lyminge;Amber Shah
Brenchley;Shaun Ahmed
Burwash;Adam Thomas
Cowie;Ricky Pearson
Fordham;Zoe O'Brien
Effingham;Roy Wood
Presteign;Abdul Wilson
Hayfield;Roger Turner
Wootton;Jane Payne
Reepham;Vanessa Collins
Repton;Oliver Wright
Weedon Beck;Geraldine Barrett
Gretna;Lesley Wilson
Elstow;Marc Barnett
West Wittering;Timothy Middleton
Stalbridge;Fiona Jones
Kirton in Lindsey;Paul Taylor
Muir of Ord;Carol Wright
Dolgellau;June James
Combe Martin;Fiona Kaur
Mistley;Sandra Reid
Nutfield;Leah Wilkinson
Hardwick;Beth Black
Dundonald;Elliot Matthews
Chisledon;Amanda Roberts
Teversham;Lee Jenkins
Long Stanton;Josh Wilson
Badsey;Jordan Marsh
Harbledown;Marc White
Withyham;Yvonne McCarthy
Grimsargh;Vincent Bell
Tuxford;Danielle Nelson
Loddon;Sam Edwards
Llandow;Roy Robinson
Horam;Dawn Walker
Holsworthy;Denis Moore
Robertsbridge;Stuart Butler
Speen;Graham Barlow
Wrington;Liam Jones
Mattishall;Mohamed Lucas
South Hanningfield;Tracy Mistry
Lochwinnoch;Jemma Stevenson
Cuxton;Nicholas Newton
Kington;Julie Potts
Oxenhope;Kate Grant
Tangmere;Ashley Hanson
Timsbury;Brett Turner
Tollesbury;Alexander Baker
Biddenham;Peter Thomas
Emneth;Joe Cartwright
Stocksfield;Jill Robinson
Tarporley;Diane Fuller
Herstmonceux;Michael Clements
Kelsall;Jack Leach
Kempsey;Pamela King
Brynamman;Bethany Clarke
Williton;Joyce Taylor
Willington;Samuel Butler
Whittington;Elizabeth Dixon
Nefyn;Melanie Weston
Kilmaurs;Lynne Brown
Caistor;Rita Hart
Bushbury;Mohamed Taylor
Ambleside;Jasmine Woodward
Clent;Heather Jarvis
Duns;Kate Lloyd
Eythorne;Leigh Richards
Whittington;Yvonne Ellis
West Malling;Dennis Scott
Dalston;Leon Todd
Fishburn;Anne King
Eyemouth;Sally Shaw
Stone;Hannah Jackson
Innerleithen;Gail Hart
Sherborne Saint John;Julie Cox
Westfield;Bethany Griffin
Wilpshire;Rosemary Baker
Ironbridge;Abdul Townsend
Hutton;Sam Owen
Reydon;Sylvia Howarth
Parbold;Shirley Schofield
Crowan;Eileen Evans
Biddenden;Arthur Parker
Snettisham;Adrian O'Connor
Dornoch;Tina Wilkinson
Builth Wells;Terry Tucker
Carron;Alice Jones
Brookwood;Molly Jackson
Settle;Justin Brown
Bampton;Lewis Kaur
Wolston;Colin Wright
Kelvedon Hatch;Ashleigh Williams
Elstead;Ashley Vaughan
Newington;Melissa Hayes
Marks Tey;Shirley Jordan
Hartlebury;Marilyn Myers
Luddenden Foot;Anthony Brown
Mobberley;Joe Hodgson
Yarnton;Callum Cox
Bredon;Eric Gray
Trimsaran;Bernard Jones
Broadway;Mathew Singh
Llandwrog;Emily Whitehouse
Charfield;Glen Stevens
Kintbury;Annette King
Hemingford Grey;Janet Dickinson
Barmouth;Alan Pugh
Holywell;Owen Lewis
Lower Kingswood;Vincent Ward
Moffat;Gail Sykes
Stanton;Donald Akhtar
Rainow;Sally Henderson
Baschurch;Alison Kaur
Delabole;Brian Harding
Elsecar;Sandra Robson
Newmacher;Alexander Johnson
Pontycymer;Heather Davis
Saint Margaret's at Cliffe;Katherine Watts
Broughton;Dominic Benson
