Rome;Rodolfo Stein
Milan;Mercedes Pacetti
Naples;Silvio Borromini
Turin;Galasso Montesano
Palermo;Graziella Bruno
Genoa;Ottone Borrani
Bologna;Amleto Solari
Florence;Francesca Bulzoni
Bari;Marisa Bignardi
Catania;Simonetta Argenti
Venice;Stefani Fattori
Verona;Bernardo Montecchi
Messina;Vito Druso
Padova;Agostino Branciforte
Trieste;Concetta Ruggeri
Taranto;Ruggiero Curci
Brescia;Pasquale Frescobaldi
Parma;Virginia Perozzo
Prato;Maria Biagiotti
Modena;Ivo Ceschi
Reggio di Calabria;Simonetta Lamborghini
Reggio Emilia;Antonietta Bragadin
Perugia;Benvenuto Pistoletto
Ravenna;Paloma Cianciolo
Livorno;Ninetta Cendron
Cagliari;Eleanora Montecchi
Foggia;Amico Nicolini
Rimini;Luigi Vianello
Salerno;Gioachino Nugnes
Ferrara;Tullio Bersani
Latina;Liana Cheda
Giugliano in Campania;Federigo Naccari
Monza;Marina Majorana
Siracusa;Annalisa Rubbia
Bergamo;Graziella Nicoletti
Pescara;Michelangelo Binaghi
Trento;Sante Germano
Forli;Laura Proietti
Sassari;Gioachino Lercari
Vicenza;Vincentio Dandolo
Terni;Giacomo Omma
Bolzano;Anita Stucchi
Novara;Ottavio Fo
Piacenza;Lucrezia Vendetti
Ancona;Ermes Ramazzotti
Andria;Pina Castellitto
Udine;Federico Manzoni
Arezzo;Giorgio Onio
Cesena;Angelina Adinolfi
Lecce;Enzo Adinolfi
Pesaro;Alina Navone
Barletta;Marina Niggli
Alessandria;Francesca Baggio
La Spezia;Arturo Luria
Pistoia;Germana Giannuzzi
Pisa;Ennio Borroni
Catanzaro;Michele Caccioppoli
Mestre;Pasqual Parri
Lucca;Piersanti Asmundo
Brindisi;Ermanno Fogazzaro
Torre del Greco;Gionata Geraci
Treviso;Giulio Ossani
Busto Arsizio;Elena Ungaretti
Como;Olga Satriani
Marsala;Alfio Rizzoli
Grosseto;Susanna Bonaventura
Sesto San Giovanni;Lazzaro Niggli
Pozzuoli;Ermenegildo Visconti
Varese;Alfredo Navarria
Fiumicino;Ezio Boccherini
Casoria;Mariana Argan
Asti;Cassandra Folliero
Cinisello Balsamo;Venancio Casellati
Caserta;Rosa Legnante
Gela;Lucio Soderini
Ragusa;Domenico Lucciano
Pavia;Lucio Procacci
Cremona;Orlando Benigni
Carpi;Amanda Casale
Quartu Sant'Elena;Piergiorgio Camiscione
Altamura;Galasso Tamborini
Imola;Graziano Miniati
L'Aquila;Salvi Franzese
Massa;Rolando Sansoni
Trapani;Licia Armellini
Viterbo;Puccio Lovato
Cosenza;Ivan Camilleri
Potenza;Eraldo Tremonti
Castellammare di Stabia;Alessio Vendetti
Afragola;Raimondo Sanudo
Vittoria;Piero Proietti
Crotone;Corrado Miniati
Pomezia;Maria Vecellio
Vigevano;Virginia Mezzetta
Carrara;Isa Marrone
Caltanissetta;Serafina Camanni
Viareggio;Marissa Martinelli
Benevento;Paola Spadafora
Fano;Gaetano Bongiorno
Savona;Galasso Ceri
Matera;Amico Pastine
Olbia;Mariana Ferrari
Legnano;Adelmo Turati
Acerra;Evangelista Soprano
Marano di Napoli;Veronica Esposito
Molfetta;Baldassare Falcone
Agrigento;Benvenuto Bongiorno
Faenza;Concetta Gemito
Cerignola;Cirillo Aldobrandi
Moncalieri;Ivan Pertini
Foligno;Marissa Casadei
Manfredonia;Emma Capuana
Tivoli;Zaira Serlupi
Cuneo;Lauretta Cignaroli
Trani;Oreste Goldstein
Bisceglie;Coriolano Marcacci
Bitonto;Irma Fracci
Bagheria;Coluccio Moresi
Portici;Paulina Marrone
Modica;Paolo Ortolani
San Remo;Ludovico Sokolov
Teramo;Edoardo Ziani
Montesilvano;Ferdinando Fermi
Avellino;Piergiorgio Ferrara
Siena;Gianpaolo Paganini
Gallarate;Nicola Amato
Velletri;Evangelista Mercalli
Cava de' Tirreni;Bartolomeo Gadda
San Severo;Flora Trentini
Aversa;Fulvio Benedetti
Ercolano;Giacinto Guarato
Anzio;Fredo Polizzi
Acireale;Alberto Pisani
Civitavecchia;Giulia Scarpa
Mazara del Vallo;Ramona Pareto
Rovigo;Gustavo Dossetti
Pordenone;Silvio Morabito
Battipaglia;Annetta Nicolucci
Rho;Graziella Tedesco
Chieti;Vanessa Nadi
Scafati;Letizia Cerquiglini
Scandicci;Bruno Grifeo
Misterbianco;Amleto Borsiere
Nettuno;Annetta Schiavo
Ardea;Carlo Paoletti
Collegno;Torquato Trapanese
Chioggia;Achille Prodi
Mantova;Silvia Antonetti
Campobasso;Gilberto Satriani
Casalnuovo di Napoli;Santino Crisafulli
Sesto Fiorentino;Augusto Lovato
Monopoli;Mattia Armellini
Martina Franca;Antonello Saraceno
Ascoli Piceno;Mattia Sansoni
Rivoli;Nedda Marcacci
Empoli;Ilaria Berre
Corato;Luigi Bossi
Lecco;Renzo Pedrazzini
Paterno;Pellegrino Federico
Nichelino;Mercedes Baglioni
Cologno Monzese;Fedele Sgarbi
Rieti;Milena Pizzamano
San Benedetto del Tronto;Marina Palombi
Settimo Torinese;Donatella Brenna
Paderno Dugnano;Cassandra Barracco
Campi Bisenzio;Tonino Sollima
Terracina;Aldo Toso
Vercelli;Teresa Muratori
Capannori;Maura Boitani
Frosinone;Gianluigi Salvo
Nocera Inferiore;Allegra Comolli
Lissone;Rembrandt Pasqua
Alcamo;Dina Tozzi
Lodi;Nico Tirabassi
Cascina;Zaira Pacomio
Seregno;Luciana Interminelli
San Giorgio a Cremano;Rodolfo Mantegazza
Senigallia;Amalia Ovadia
Marino;Marta Camuccini
Biella;Giampaolo Baroffio
Alghero;Annamaria Bacosi
Gravina in Puglia;Ippazio Corradi
Bassano del Grappa;Annibale Cavanna
Rozzano;Federica Castiglione
Torre Annunziata;Maurizio Grifeo
Civitanova Marche;Luca Riccati
Imperia;Arturo Valentino
Avezzano;Napoleone Bondumier
Desio;Claudia Fibonacci
San Dona di Piave;Pina Foa
Macerata;Cipriano Correr
Ladispoli;Fabrizia Nibali
Barcellona-Pozzo di Gotto;Adele Corcos
Albano Laziale;Telemaco Taccola
Monterotondo;Giustino Fracci
Sassuolo;Panfilo Vigliotti
Sciacca;Melissa Ferrazzi
Merano;Germana Morpurgo
Corigliano Calabro;Silvia Endrizzi
Iesi;Tonia Oscuro
Eboli;Rembrandt Bresciani
Cantu;Adriano Gigli
Rovereto;Luigi Saraceno
Pomigliano d'Arco;Lando Giannuzzi
Marcianise;Ferdinando Tebaldi
Fondi;Giada Botticelli
Fasano;Gabriella Errigo
Citta di Castello;Gianna Cicala
Saronno;Raimondo Golgi
Voghera;Marcantonio Errani
Schio;Pellegrino Pozzecco
Monreale;Dina Badoer
Maddaloni;Massimo Moneta
Carini;Ornella Sonnino
Ciampino;Zaira Molesini
Cesano Maderno;Mirko Bianchi
Mira;Matilda Milanesi
Modugno;Tiziano Semitecolo
San Giuliano Milanese;Virgilio Ciani
Caltagirone;Federigo Biagiotti
Formia;Priscilla Prodi
Cerveteri;Adriana Bottaro
Spoleto;Simone Conte
Melito di Napoli;Olga Montalcini
Caivano;Achille Spanevello
Grugliasco;Sylvia Brugnaro
Fermo;Pierangelo Gotti
Licata;Mariana Leoncavallo
Cisterna di Latina;Ninetta Guicciardini
Chieri;Marcella Carullo
Pioltello;Giuliana Brambilla
Rossano;Stella Gualandi
Nuoro;Carolina Impastato
Cassino;Lauretta Galeati
Bollate;Antonino Valentino
Casalecchio di Reno;Costantino Florio
Francavilla Fontana;Pietro Cassara
Pinerolo;Daria Foconi
Augusta;Ermenegildo Garzoni
Rende;Annalisa Leblanc
Canicatti;Melissa Marazzi
Belluno;Imelda Fanucci
Adrano;Sante Proietti
Cento;Ruggiero Zacco
Segrate;Flora Moretti
Limbiate;Rosa Petrocelli
Conegliano;Torquato Loredan
Osimo;Girolamo Mogherini
Riccione Marina;Severino Agnesi
Lanciano;Greco Morpurgo
Mugnano di Napoli;Milena Galiazzo
Somma Vesuviana;Tina Beccheria
Brugherio;Roman Bonanno
Corsico;Martino Romagnoli
Gorizia;Costantino Lombroso
Formigine;Graziano Bottigliero
Cernusco sul Naviglio;Livia Borghese
Crema;Licia Filippini
Arzano;Amico Soprano
Angri;Chiara Galtarossa
Aosta;Ludovica Cianciolo
Casale Monferrato;Annamaria Stradivari
Sant'Antimo;Liliana Puglisi
Piombino;Renzo Gelli
Vibo Valentia;Matteo Opizzi
Termoli;Toni Dellucci
Venaria Reale;Rembrandt Smirnoff
Castelfranco Veneto;Alina Foa
Villafranca di Verona;Corrado Einaudi
Lucera;Eva Castellitto
Castelfranco Emilia;Annamaria Tomaselli
Santa Maria Capua Vetere;Monica Sonnino
Massafra;Giuseppe Nonis
Abbiategrasso;Vincenza Fantozzi
San Donato Milanese;Ida Brugnaro
San Lazzaro di Savena;Loretta Parmitano
Camaiore;Graziano Pertile
Favara;Eraldo Zecchini
Mascalucia;Maurilio Gilardoni
Grottaglie;Virginia Dossetti
Frattamaggiore;Giorgio Benigni
Partinico;Dionigi Inzaghi
Gubbio;Antonio Turchi
Oristano;Chiara Tornatore
Sarno;Amanda Salvo
San Giuseppe Vesuviano;Amedeo Sagredo
Castelvetrano;Francesca Canil
Alba;Cirillo Regge
San Giuliano Terme;Amalia Sinisi
Nardo;Gian Baracca
Avola;Eraldo Finotto
Montebelluna;Emma Sabbatini
Milazzo;Ubaldo Gagliardi
Villaricca;Luchino Finotto
Ostuni;Sante Ossola
Manduria;Griselda Garzoni
Rosignano Marittimo;Cristina Leblanc
Fabriano;Massimiliano Caetani
Verbania;Jolanda Ginese
Marigliano;Luigina Surian
Canosa di Puglia;Sylvia Callegari
Comiso;Sole Franscini
Treviglio;Sebastiano Pertini
Rapallo;Olga Gussoni
Bra;Flora Veneziano
Aci Catena;Annetta Galilei
Misilmeri;Agostino Gotti
Pontedera;Cesare Sraffa
Poggibonsi;Baccio Petrocelli
Selargius;Giacinto Cammarata
Desenzano del Garda;Antonio Pisaroni
Carmagnola;Diana Camuccini
Gragnano;Greco Papetti
Mondragone;Angelica Balla
Alatri;Evangelista Pavanello
Cervia;Gianluigi Leonetti
Vittorio Veneto;Lucrezia Legnante
Assisi;Ermenegildo Ceschi
Carbonia;Federico Ciani
Novi Ligure;Piersanti Vergassola
San Giovanni in Persiceto;Zaira Aldobrandi
Belpasso;Fredo Micca
Cecina;Silvio Rossini
San Miniato;Elladio Corbo
Boscoreale;Amadeo Jacuzzi
Spinea;Fernanda Spinelli
Mogliano Veneto;Ludovico Conti
Parabiago;Antonietta Giorgetti
Sant'Anastasia;Gioacchino Sabatini
Erice;Filippo Sgalambro
Gioia del Colle;Ronaldo Balotelli
Giarre;Giada Gozzi
Chiavari;Ottavio Scalfaro
Tortona;Teresa Zoppetto
Enna;Giuliano Veneziano
Triggiano;Federica Parri
San Giovanni Rotondo;Isa Tropea
Mirano;Ferdinando Iannucci
Garbagnate Milanese;Licia Cuomo
Terlizzi;Luigina Catalano
Scicli;Ugo Zanzi
Niscemi;Cipriano Forza
Assemini;Paulina Gozzi
Fidenza;Uberto Sermonti
Galatina;Tullio Leonetti
Mesagne;Raffaello Gucci
Iglesias;Livia Tencalla
Chivasso;Iolanda Polizzi
Putignano;Paloma Guicciardini
Santeramo in Colle;Ivan Dallape
Quarrata;Gloria Magrassi
Bacoli;Gioele Zamengo
Porto Sant'Elpidio;Ottavio Ponti
Noicattaro;Ansaldo Marangoni
Bresso;Telemaco Pedroni
Pontecagnano;Lodovico Cagnotto
Iesolo;Rosalia Ramazzotti
Conversano;Greco Savorgnan
Vimercate;Imelda Franceschi
Albignasego;Ludovico Ferrabosco
Falconara Marittima;Elvira Soffici
Termini Imerese;Aria Alfieri
Valdagno;Angelo Borghese
Sora;Rosa Bajamonti
Cesenatico;Eliana Cundari
Giussano;Daria Viola
Castel Volturno;Massimo Cicilia
Lainate;Beppe Monduzzi
Scandiano;Liliana Alighieri
Qualiano;Azeglio Giammusso
Montichiari;Nico Capuana
Correggio;Marina Galilei
Francavilla al Mare;Rosario Travia
Arzignano;Fiorenzo Donatoni
Roseto degli Abruzzi;Alessia Bignami
Bagno a Ripoli;Giulia Volterra
Mola di Bari;Tina Tropea
Seriate;Serafina Benussi
San Giovanni Lupatoto;Eva Garibaldi
Ruvo di Puglia;Pellegrino Sobrero
Vignola;Silvia Acerbi
Legnago;Marina Ruffini
Pompei;Graziella Antelami
Portogruaro;Panfilo Corradi
Mariano Comense;Gaspare Galuppi
Sezze;Simone Zamorani
Montevarchi;Dolores Sauro
Fossano;Morena Verga
Nocera Superiore;Griselda Colletti
Thiene;Fortunata Giunti
Sulmona;Ruggero Pacillo
Copertino;Bartolomeo Marconi
Ventimiglia;Elena Bandello
Albenga;Nanni Salvo
Noto;Ugolino Squarcione
Biancavilla;Lidia Tartini
Magenta;Valeria Agostini
Genzano di Roma;Graziano Donini
Giulianova;Guglielmo Tencalla
Ottaviano;Giulia Balbi
Pietrasanta;Alessia Borghese
Mirandola;Tina Porzio
Capoterra;Gionata Tiepolo
Muggio;Sergius Gremese
Castiglione delle Stiviere;Ivan Parmitano
Lentini;Enzio Geraci
Dalmine;Ida Vergerio
Meda;Martina Dandolo
Seveso;Ornella Gaiatto
Ivrea;Gabriele Sanguineti
San Giovanni la Punta;Annalisa Tasso
Ceccano;Piergiuseppe Salata
Orbassano;Silvia Ricci
Nova Milanese;Panfilo Perozzo
Montecchio Maggiore;Paulina Bataglia
Fucecchio;Gelsomina Vezzali
Mentana;Giulia Gargallo
Ortona;Eraldo Luciani
Vigonza;Greco Costalonga
Selvazzano Dentro;Eraldo Giannone
Floridia;Danilo Iannucci
Palma di Montechiaro;Venancio Caboto
Cardito;Gaetano Rismondo
San Cataldo;Mario Parisi
Frascati;Gaetano Castiglione
Ariano Irpino;Francesca Lucciano
Mondovi;Veronica Paolucci
Massarosa;Romina Palazzo
Ginosa;Cipriano Catenazzi
Porto Torres;Paloma Morabito
Mercato San Severino;Giulietta Michelangeli
Pachino;Costantino Sraffa
Comacchio;Donatella Pietrangeli
Sant'Arcangelo di Romagna;Gian Togliatti
Sarzana;Costanzo Bosio
Cortona;Aurora Giorgetti
Castrovillari;Claudia Aporti
Bressanone;Marcella Sollima
Poggiomarino;Carolina Platini
Paese;Amico Tomasetti
Agropoli;Mariana Balla
Palestrina;Puccio Mascagni
Piazza Armerina;Francesca Sermonti
Borgomanero;Mercedes Ceravolo
Isernia;Federigo Gori
Colle di Val d'Elsa;Adriano Medici
Sondrio;Ferdinando Regge
Savigliano;Fabia Prati
Argenta;Angelina Asprucci
Martellago;Concetta Trussardi
Senago;Guglielmo Manacorda
Palo del Colle;Calogero Bramante
Casal di Principe;Concetta Donati
Corciano;Gianpaolo Nordio
Anagni;Silvestro Piacentini
San Bonifacio;Nicoletta Marenzio
Colleferro;Luciana Gregorio
Pergine Valsugana;Baccio Nicolini
Follonica;Flora Alighieri
Sessa Aurunca;Camillo Bonaventura
Rosolini;Alessia Peruzzi
Recanati;Annamaria Taliani
Suzzara;Gaspare Catalano
Monsummano;Giovanni Dovara
Ferentino;Nino Dibiasi
Sestu;Gioachino Toscani
Trezzano sul Naviglio;Bettina Castellitto
Vico Equense;Giampiero Randazzo
Castel San Pietro Terme;Tonino Sibilia
Feltre;Ermenegildo Dandolo
Pontassieve;Silvia Vittadello
Acquaviva delle Fonti;Elmo Cagnin
Trecate;Vittoria Gradenigo
Gallipoli;Fulvio Schicchi
Gaeta;Silvio Palumbo
Montecatini Terme;Donatella Cimini
Sabaudia;Oreste Cianciolo
Cornaredo;Calcedonio Mengolo
Gorgonzola;Ranieri Armani
Romano di Lombardia;Ezio Fittipaldi
Oderzo;Barbara Tafuri
Grottaferrata;Valentina Merisi
Acri;Giuseppe Piacentini
Veroli;Lisa Gualtieri
Giovinazzo;Germana Foa
Lastra a Signa;Teresa Zacchia
Orvieto;Puccio Rosselli
Montalto Uffugo;Simone Savorgnan
Rivalta di Torino;Vincentio Farina
San Salvo;Gianluca Nitti
Cittadella;Michele Gottardi
Bussolengo;Clelia Agostini
Ischia;Paolo Pedrazzini
Abano Terme;Saverio Vasari
Gioia Tauro;Alina Monaco
Casarano;Ruggero Sinisi
Villabate;Amanda Torricelli
Viadana;Tatiana Nordio
Pallazzolo sull'Oglio;Ansaldo Miniati
Cormano;Pierina Sordi
Novate Milanese;Aldo Trobbiani
Sacile;Evangelista Tasca
Piove di Sacco;Panfilo Cristoforetti
Trentola;Pierangelo Bonaventura
Ceglie Messapico;Giovanni Errani
Minturno;Alessia Canetta
Casamassima;Mariana Scarponi
Monserrato;Zaira Binaghi
Salsomaggiore Terme;Franco Stradivari
Sant'Antonio Abate;Rosalia Pometta
Acqui Terme;Salvi Schiavone
Pescia;Rosa Trevisan
Castellana Grotte;Amedeo Palladio
Pozzallo;Danilo Baglioni
Adria;Benvenuto Virgilio
Anguillara Sabazia;Giorgio Bertolucci
Tolentino;Antonina Montanari
Spoltore;Marcella Liverotti
Arese;Maurizio Gori
Narni;Amanda Baggio
Casalgrande;Enrico Bixio
Rovato;Patrizia Abatantuono
Bracciano;Livia Terragni
Noci;Mattia Colletti
San Vito dei Normanni;Camilla Pederiva
Cassano d'Adda;Pellegrino Bonatti
San Mauro Torinese;Riccardo Parpinel
Bronte;Leonardo Nugnes
Chiari;Ramona Montessori
Zola Predosa;Gianluigi Cibin
Santa Marinella;Aria Rocca
Signa;Donatella Bocca
Tradate;Dina Carnera
Ariccia;Ninetta Malenchini
Scorze;Rodolfo Tedesco
Ribera;Adele Doria
Valenza;Lilla Cavanna
Cusano Milanino;Bianca Majorana
Montemurlo;Lamberto Bonaventura
Ghedi;Orazio Pacillo
Marsciano;Nina Solari
Cirie;Alberico Bazzi
Palmi;Pietro Bottaro
Castelfidardo;Barbara Bruscantini
Rutigliano;Adriano Bettin
Terzigno;Ansaldo Morellato
Aci Castello;Rosalia Endrizzi
Melzo;Paoletta Gregorio
Budrio;Paulina Tencalla
Borgo San Lorenzo;Victoria Borroni
Castel Maggiore;Ugolino Tartaglia
Sestri Levante;Loredana Righi
Piossasco;Morena Ciani
Corbetta;Pasquale Scotti
Capua;Lucia Volterra
Cassano al Ionio;Arturo Papafava
Domodossola;Nicolo Barcella
Siderno Marina;Marta Interminei
Palma Campania;Allegra Dossetti
Cordenons;Beatrice Morabito
Melegnano;Giada Pellegrini
Aci Sant'Antonio;Flora Cantimori
Valguarnera Caropepe;Gloria Bonatti
Polignano a Mare;Ludovico Staglieno
Cercola;Rosina Zabarella
Laives;Berenice Giunti
Carate Brianza;Diana Mezzetta
Valenzano;Gioele Armani
Grumo Nevano;Gianna Santoro
Zagarolo;Antonello Pastine
Somma Lombardo;Gloria Errani
Arcore;Benedetto Marenzio
Calenzano;Tonia Rossi
Albino;Pierina Moneta
Villorba;Camilla Rossi
Melfi;Virgilio Morosini
Beinasco;Rodolfo Verri
Forio;Bernardo Fabbri
Isola Capo Rizzuto;Licia Grassi
Agliana;Costanzo Bellini
Santa Maria di Sala;Costanzo Bonatti
Savignano sul Rubicone;Tonia Berre
Carlentini;Rossana Ficino
Arco;Panfilo Gozzi
Sona;Liberto Borsiere
Policoro;Etta Carfagna
Orta Nova;Pierpaolo Barsanti
Pisticci;Biagio Galilei
Maranello;Renata Gemito
Monselice;Angelina Montanari
Sinnai;Giulio Rossi
Tricase;Ugo Salvemini
Pianoro;Dolores Fuseli
Marcon;Eva Giovine
Pavullo nel Frignano;Melania Vespa
Bareggio;Temistocle Mennea
Castelfiorentino;Zaira Ligorio
Pescantina;Ivo Bianchi
Rocca di Papa;Giacomo Goldoni
Cattolica;Patrizio Maccanelli
Nerviano;Benvenuto Trapani
San Casciano in Val di Pesa;Elisa Faranda
Campagna;Graziella Parmitano
Sant'Elpidio a Mare;Carolina Detti
Carovigno;Giuliana Leonardi
Fiorano Modenese;Leopoldo Pelli
Negrar;Mirko Raurica
Torre Maggiore;Sabatino Gibilisco
Castellaneta;Alessandro Mennea
San Giovanni in Fiore;Gloria Pellegrini
Baronissi;Osvaldo Ciani
Vimodrone;Rossana Petrucelli
Adelfia;Orazio Bernetti
Saluzzo;Daria Pacetti
Preganziol;Jolanda Bettoni
Bovisio Masciago;Ernesto Chinnici
Scordia;Silvia Grifeo
San Giovanni Valdarno;Donna Puglisi
Alpignano;Dante Cappelli
Malnate;Loretta Bragaglia
Vedelago;Antonella Vezzali
Bagnacavallo;Uberto Tarantino
Medicina;Gemma Trillini
Giaveno;Salvi Valentino
Porto Empedocle;Maura Schiavone
Colle Salvetti;Ansaldo Dulbecco
Gussago;Vito Maccanelli
Palagonia;Severino Pirelli
Monesiglio;Sergius Condoleo
Todi;Leonardo Cerutti
Brunico;Amalia Viola
Reggello;Federico Alfonsi
Umbertide;Gelsomina Guidotti
Cerea;Giulia Benigni
Lonigo;Achille Leonetti
Rubano;Piersanti Pavarotti
Sorrento;Saverio Balbi
Leini;Isabella Eco
Brusciano;Patrizia Tarchetti
Este;Giovanna Satta
Ispica;Gioele Fieramosca
Copparo;Virgilio Lombardo
Tarquinia;Uberto Ravaglioli
Civita Castellana;Pierluigi Caracciolo
Caravaggio;Stefano Treves
Saviano;Fortunata Padovano
Cadoneghe;Marco Udinese
Grottammare;Filippo Civaschi
Codroipo;Telemaco Callegaro
Frattaminore;Sandra Bembo
Palagiano;Sophia Papafava
Bovolone;Piersanti Grassi
Sava;Leonardo Barese
Valmontone;Pina Mercadante
Porto San Giorgio;Dario Binaghi
Certaldo;Alessio Armani
Samarate;Corrado Garozzo
Noale;Paloma Celentano
Martinsicuro;Lina Bassi
Nonantola;Amanda Caetani
Codogno;Pietro Toso
Lentate sul Seveso;Azeglio Travia
Sansepolcro;Amanda Cristoforetti
Mottola;Loretta Tolentino
Potenza Picena;Annetta Chittolini
Azzano Decimo;Lilla Ruberto
Paola;Laureano Foscari
Silvi Paese;Augusto Taccola
Fiano Romano;Annalisa Sbarbaro
Galliate;Aria Bonanno
Capurso;Giulia Nadi
Concorezzo;Rita Gullotta
Molinella;Diana Treves
Finale Emilia;Amico Asmundo
Besana in Brianza;Fernanda Frescobaldi
Altopascio;Fabia Zaguri
San Cesareo;Graziella Aulenti
Galatone;Giulia Papafava
Agrate Brianza;Amedeo Montanariello
Ponsacco;Ettore Barracco
Taurianova;Pierpaolo Scarponi
Carugate;Amalia Nibali
San Martino Buon Albergo;Severino Antonini
Castiglione del Lago;Tiziano Gargallo
Volpiano;Dino Valmarana
Casalmaggiore;Nicolo Mengolo
Valeggio sul Mincio;Sante Bocca
Castenaso;Laureano Armani
Mortara;Mario Opizzi
Corridonia;Francesca Brenna
Castellarano;Dino Longhena
Pianezza;Lucio Carullo
Soliera;Livio Ginesio
Omegna;Gianluigi Finotto
Casalpusterlengo;Elmo Toscani
Fiorenzuola d'Arda;Melina Pulci
Sannicandro Garganico;Giustino Lupo
Cerro Maggiore;Dino Fibonacci
Castellammare del Golfo;Pina Proietti
Laterza;Ludovica Procacci
Surbo;Ansaldo Pometta
San Giorgio Ionico;Bianca Garobbio
San Vito al Tagliamento;Alessia Guariento
Zevio;Ruggiero Ritacca
Castelnuovo Rangone;Giampaolo Lattuada
Citta Sant'Angelo;Giovanni Nievo
Guastalla;Melissa Parmitano
Dolo;Manuel Sagnelli
Gualdo Tadino;Coriolano Giannelli
Pineto;Fulvio Alonzi
Pontinia;Elmo Prodi
Sasso Marconi;Lilla Duse
Merate;Fredo Tiepolo
Malo;Osvaldo Ceri
Rubiera;Patrizia Caracciolo
Sorso;Ugo Borroni
Magione;Pier Vitturi
Sommacampagna;Melania Tarchetti
Ciro Marina;Ronaldo Tognazzi
Rosarno;Giampaolo Salata
Cassano delle Murge;Irma Deledda
Orbetello;Rosa Persico
Chiaravalle;Anita Zaccagnini
Ospitaletto;Danilo Fanucci
Campodarsego;Priscilla Fanucci
Carmignano;Pietro Grisoni
Vinci;Sabatino Letta
Trinitapoli;Fiorino Peranda
Collecchio;Leopoldo Tron
Cossato;Natalia Leoncavallo
Santa Croce sull' Arno;Orazio Alighieri
Riposto;Costantino Speri
Impruneta;Ippazio Malacarne
Pedara;Amedeo Samele
Sant'Arpino;Patrizia Bompiani
Roncade;Nico Serao
Urbino;Fabia Tornatore
Trepuzzi;Bernardo Marino
Rosa;Gastone Sorrentino
Luino;Ferdinando Lettiere
Latiano;Gianpaolo Respighi
Priverno;Liberto Nicoletti
Castellanza;Raffaele Stucchi
Leno;Fiamma Trillini
Mascali;Giuliano Bertoli
Cefalu;Giovanna Cesaroni
Taglio;Filippo Monteverdi
Massalubrense;Guglielmo Malipiero
Mondolfo;Arnaldo Borroni
Montelupo Fiorentino;Fredo Navarria
Bondeno;Manuel Manacorda
Maglie;Amico Gotti
Locorotondo;Milo Brunello
Rescaldina;Eleanora Pirandello
Solaro;Francesca Bianchini
Fiesole;Mirko Scarlatti
Leverano;Augusto Cammarata
Oleggio;Ida Barcaccia
Casandrino;Paloma Nitto
Artena;Cassandra Dona
Tempio Pausania;Leone Camanni
Marostica;Iolanda Marenzio
Squinzano;Tonino Mantegazza
Vetralla;Stefania Prati
Villacidro;Marina Zacco
Santa Maria a Vico;Raffaella Boccherini
Taggia;Annibale Pisano
Montepulciano;Ciro Benigni
Amantea;Dionigi Lattuada
Villasanta;Adele Tarchetti
Fisciano;Francesco Cipolla
Arona;Graziella Cossiga
Caselle Torinese;Giancarlo Fermi
Veglie;Carolina Detti
Vieste;Jacopo Morrocco
Travagliato;Olga Bonolis
Monteroni di Lecce;Rembrandt Sansoni
Fara in Sabina;Antonella Cerquiglini
Cervignano del Friuli;Antonia Tuzzolino
Calolziocorte;Mercedes Giannone
Opera;Annunziata Onio
Busto Garolfo;Umberto Nicoletti
Cassina de' Pecchi;Nadia Mazzeo
San Ferdinando di Puglia;Marina Callegaro
Statte;Romana Caruso
Dueville;Enzio Polani
Cavarzere;Daniele Lovato
Castel San Giorgio;Ottavio Armellini
Castel San Giovanni;Etta Badoglio
Arzachena;Adriano Prati
Novellara;Sante Iadanza
Crispiano;Bianca Gregori
Villa San Giovanni;Amleto Niggli
Alzano Lombardo;Gianna Brunelleschi
Nicosia;Giampaolo Burcardo
San Marco in Lamis;Nico Germano
Lanuvio;Dina Pirelli
Rezzato;Cristina Ponti
San Pietro Vernotico;Elisa Vittadello
Melilli;Erika Caccioppoli
Montesarchio;Achille Lollobrigida
Crevalcore;Concetta Filippelli
Montefiascone;Nico Venditti
Montespertoli;Ignazio Rossi
Latisana;Eliana Sanudo
Lariano;Licia Necci
Varedo;Ida Gangemi
Lavello;Mattia Fornaciari
Misano Adriatico;Geronimo Cesarotti
Castelfranco di Sotto;Tonia Donarelli
Sarezzo;Gelsomina Pisacane
Capo d'Orlando;Azeglio Guarana
Forlimpopoli;Olga Gianvecchio
Grammichele;Raffaello Carpaccio
Patti;Coluccio Ferrata
Rionero in Vulture;Cipriano Luxardo
Quartucciu;Fiorino Sobrero
Castiglion Fiorentino;Giada Vecellio
Calderara di Reno;Giulio Puccini
Quattro Castella;Vanessa Peranda
Sant'Angelo Lodigiano;Romana Saraceno
Palombara Sabina;Alphons Agazzi
Apricena;Valentina Bocca
Cairo Montenotte;Enrico Emo
Castelnuovo di Verona;Dino Iacovelli
Pontecorvo;Gabriele Gentileschi
Camponogara;Donatello Mozart
Varazze;Beatrice Iannucci
Stezzano;Ippazio Ruffini
Muggia;Pasquale Scamarcio
Manerbio;Arsenio Condoleo
Leonforte;Dante Gozzano
San Martino di Lupari;Corrado Caracciolo
Ficarazzi;Ludovica Guidotti
Formello;Gino Natta
Santa Maria a Monte;Ranieri Viviani
Casatenovo;Sante Lercari
Casale sul Sile;Alphons Trincavelli
Campiglia Marittima;Ilaria Pratesi
Vigodarzere;Rosario Littizzetto
Piano di Sorrento;Arturo Bernetti
San Biagio di Callalta;Pietro Pergolesi
Seravezza;Bettina Dulbecco
Barrafranca;Adelmo Folliero
Carpenedolo;Osvaldo Gaito
Noceto;Chiara Leonardi
Trebaseleghe;Rosina Barozzi
Salzano;Sandro Chindamo
Cicciano;Piermaria Avogadro
Calcinato;Salvatore Persico
Chiampo;Paolo Contrafatto
Montegranaro;Rosina Paruta
Santo Stino di Livenza;Romana Pietrangeli
Lipari;Alessandro Rensi
Tezze sul Brenta;Rita Rocca
Cavallino;Elvira Vercelloni
Loreto;Elvira Ciampi
Spilamberto;Lilla Traversa
Monte di Procida;Antonia Briccialdi
Grumo Appula;Pierpaolo Callegari
Monte San Giovanni Campano;Simone Montanari
Lauria Inferiore;Alessandro Manolesso
Montecorvino Rovella;Massimo Pacelli
Monteprandone;Annamaria Giradello
Bagnolo Mella;Annibale Petralli
Borgosesia;Giulia Carfagna
Francofonte;Gino Tirabassi
Raffadali;Pina Duodo
Figline Valdarno;Bruno Nordio
Sala Consilina;Gianni Bernetti
Castel Goffredo;Pasqual Monaco
Lavagna;Telemaco Caruso
Porto Recanati;Marisa Giannuzzi
Avigliana;Annetta Totino
Calcinaia;Eliana Carocci
Canegrate;Arsenio Druso
Sinalunga;Pierpaolo Lombardi
Rivarolo Canavese;Carlo Visconti
Terrasini Favarotta;Gioachino Nonis
Fontanafredda;Vittoria Civaschi
Fagnano Olona;Beppe Antonelli
Borgo San Dalmazzo;Melina Odescalchi
Menfi;Gian Curiel
Solofra;Antonino Vitturi
San Severino Marche;Carlo Tasso
Bernalda;Loretta Marrone
Olgiate Olona;Lara Sagredo
Orzinuovi;Luchino Monte
San Pietro in Casale;Fulvio Manunta
Ugento;Achille Tarchetti
Morbegno;Torquato Travia
Sant'Agata di Militello;Maura Paolucci
Mercogliano;Ugo Balbo
Locri;Graziano Cantimori
Pianiga;Isabella Salvemini
Monte Sant'Angelo;Milena Schiavone
San Prisco;Lucio Moccia
Anzola dell'Emilia;Danilo Poerio
Russi;Romolo Camilleri
Teano;Livio Farnese
Gricignano d'Aversa;Loredana Pistoletto
Terranuova Bracciolini;Marissa Garzoni
Lana;Anita Bramante
Eraclea;Martina Perini
Cinisi;Gioachino Saffi
Sedriano;Matilda Offredi
Rottofreno;Lucio Tamburi
Gavardo;Margherita Antonelli
Motta Sant'Anastasia;Hugo Traversa
Villa Literno;Massimiliano Trevisan
Calvizzano;Lorenzo Tamburi
Bibbiena;Ida Gaito
Biassono;Nico Lupo
Spilimbergo;Jolanda Altera
Spresiano;Carlo Gualandi
Monte Compatri;Alphons Paganini
Trezzo sull'Adda;Lucio Bonomo
Vecchiano;Rembrandt Pincherle
Carmiano;Carolina Cremonesi
Rocca Priora;Guido Pistoletto
Pieve di Soligo;Antonina Bonanno
Camposampiero;Romeo Franzese
Granarolo del l'Emilia;Panfilo Antelami
Altavilla Vicentina;Sante Valmarana
Bitetto;Delfino Barsanti
Baranzate;Liliana Balbo
Arluno;Greco Bergoglio
Occhiobello;Rodolfo Tamburello
Cornedo Vicentino;Greco Puglisi
Taviano;Silvio Treccani
Ronchi dei Legionari;Luciano Montessori
Portoferraio;Piergiorgio Sforza
Alfonsine;Claudia Ricci
Lizzanello;Mirko Puccini
Monteforte Irpino;Gaetano Loredan
Borgaro Torinese;Gloria Nordio
San Mauro Pascoli;Aria Tutino
San Gennaro Vesuviano;Paolo Parini
Giffoni Valle Piana;Luciana Cassara
Priolo Gargallo;Margherita Luria
San Gregorio di Catania;Luciano Baroffio
Mazzarino;Olga Ferrara
Susegana;Bartolomeo Bergoglio
Amelia;Ornella Druso
San Michele al Tagliamento;Lucrezia Rosselli
Sant'Ambrogio di Valpolicella;Piero Redi
Lonate Pozzolo;Isa Solari
Margherita di Savoia;Pierpaolo Detti
Taurisano;Mirco Sanudo
Campobello di Mazara;Eraldo Federico
Tortoreto;Beppe Avogadro
Maniago;Alessio Vento
Codigoro;Daniele Scarponi
Venosa;Gianna Lanfranchi
Fiume Veneto;Romina Tomei
Guspini;Gionata Fuseli
Lendinara;Fabio Capuana
Serravalle Pistoiese;Giacobbe Cavalcanti
Torri di Quartesolo;Delfino Pacelli
Casteldaccia;Biagio Verri
Stradella;Fausto Cagnin
Olgiate Comasco;Valeria Basadonna
Portomaggiore;Fiorino Tosi
Finale Ligure;Alessandra Camanni
Caorle;Gaetano Lovato
Valmadrera;Fausto Bottigliero
Campagnano di Roma;Ugo Cainero
Cisternino;Melina Lombroso
Capaci;Sophia Bassi
Isola della Scala;Annibale Pirandello
Gardone Val Trompia;Ermes Ceravolo
Siniscola;Tullio Collina
Nembro;Guglielmo Paoletti
Pulsano;Lazzaro Gianinazzi
Ponte San Pietro;Isa Bonomo
Mestrino;Daria Pacelli
Isola del Liri;Melania Micca
Castenedolo;Massimiliano Pacelli
Arenzano;Stefani Tuzzolino
Ravanusa;Durante Valmarana
Musile di Piave;Roman Carducci
Montegrotto Terme;Pasqual Trussardi
Matino;Giacinto Quasimodo
Paullo;Giorgia Meucci
Casier;Nico Montesano
Riesi;Cirillo Pacillo
Cave;Rosalia Dossi
Creazzo;Gino Zamengo
Ovada;Patrizia Palazzo
Avigliano;Geronimo Callegari
Zero Branco;Raffaella Rapisardi
Acate;Puccio Siffredi
Paceco;Federica Bottigliero
Castelvetro di Modena;Sergius Montanariello
Bitritto;Paloma Brichese
Caldogno;Luciana Cammarata
Sant'Ilario d'Enza;Gioffre Saracino
Camisano Vicentino;Mirko Casellati
Melito di Porto Salvo;Giuseppina Gabbana
Belmonte Mezzagno;Virgilio Migliaccio
La Maddalena;Dario Pacillo
Castano Primo;Lucio Boccherini
Loano;Filippo Mattarella
San Giustino;Loredana Montanariello
Santa Flavia;Adamo Baggio
Venafro;Sandra Barberini
Piazzola sul Brenta;Margherita Gravina
Carbonera;Paride Pelli
Cologno al Serio;Nicola Argurio
Cividale del Friuli;Jolanda Fabbri
Sant'Antioco;Lina Antonucci
Sant'Agata de' Goti;Mirko Campise
Montopoli in Val d'Arno;Fausto Carpaccio
Sesto Calende;Rosa Endrizzi
Cerese;Paola Tasca
Corleone;Torquato Badoer
Pellezzano;Amico Tognazzi
Aulla;Adelasia Franceschi
Tortoli;Liliana Romano
Trecastagni;Fiorenzo Leopardi
Scalea;Bartolomeo Terragni
Cepagatti;Griselda Garobbio
Racale;Pierpaolo Palmisano
Castel Mella;Eleanora Dellucci
Cerreto Guidi;Domenico Palazzo
Montechiarugolo;Michela Pisano
Atripalda;Jolanda Dossi
Monte San Pietro;Liliana Montecchi
Santa Croce Camerina;Michele Opizzi
Inzago;Adriano Galiazzo
Bertinoro;Carlo Nitti
San Valentino Torio;Beppe Traversa
Cazzago San Martino;Adriana Santoro
Barberino di Mugello;Laura Bonino
Cameri;Giuseppe Gatto
Trofarello;Panfilo Lollobrigida
Cori;Lisa Garozzo
Celano;Panfilo Perini
Taormina;Emilio Lattuada
Gemona del Friuli;Gianpaolo Munari
Ramacca;Sabatino Pennetta
Botticino Sera;Mario Gradenigo
Medesano;Diana Rastelli
Grezzana;Giuliana Napolitano
San Felice sul Panaro;Livio Lussu
Motta di Livenza;Elvira Grisoni
Capena;Sonia Ziani
Alassio;Pierina Tropea
Montale;Giampiero Riccardi
Randazzo;Fortunata Barillaro
Itri;Gioacchino Piovani
Trevignano;Ranieri Vitturi
Alberobello;Damiano Missoni
Cornate d'Adda;Paola Dallape
Gambettola;Ilaria Tomasini
Cadelbosco di Sopra;Fiorenzo Florio
Campolongo Maggiore;Gino Passalacqua
Salemi;Guglielmo Boaga
Massa Lombarda;Rosaria Ferrazzi
Salo;Ilaria Calbo
Peschiera del Garda;Mariano Scaramucci
Atessa;Isabella Giannone
Montecchio Emilia;Gabriella Abate
Poirino;Mauro Aporti
Ozieri;Antonello Malenchini
Martinengo;Severino Casalodi
Mussomeli;Alessandro Faggiani
Coriano;Valeria Rosiello
Fiuggi;Vincenzo Pinamonte
Torre Santa Susanna;Natalia Scarlatti
Macerata Campania;Gaspare Grossi
San Marzano sul Sarno;Pietro Satta
Castelnovo ne' Monti;Silvio Zito
Procida;Adelmo Fantoni
Cutro;Manuel Maffei
Castelli Calepio;Ubaldo Gangemi
Canelli;Costantino Curatoli
Trabia;Teresa Germano
Partanna;Maurizio Argento
Bordighera;Leone Pagliaro
Cislago;Lauretta Munari
Polistena;Romolo Modigliani
Concordia Sagittaria;Cecilia Zito
Valdobbiadene;Sonia Dandolo
Badia Polesine;Alfio Passalacqua
Langhirano;Gilberto Tamburini
Rignano Flaminio;Gaetano Praga
Campi Salentina;Ennio Comboni
Nizza Monferrato;Lando Semitecolo
Mandello del Lario;Baccio Capone
San Maurizio Canavese;Temistocle Rossetti
Montignoso;Donatello Mercadante
Usmate Velate;Berenice Orlando
Volterra;Maura Gonzaga
Cittanova;Rosina Argenti
Induno Olona;Pellegrino Casagrande
Boscotrecase;Silvestro Juvara
Isola Vicentina;Micheletto Tolentino
Bibbiano;Ermanno Ramazzotti
Conselve;Michele Cundari
Goito;Gabriele Pedersoli
Altofonte;Maria Barillaro
Locate di Triulzi;Evangelista Corcos
Volpago del Montello;Serena Tassoni
Terralba;Annibale Caetani
Bomporto;Pellegrino Zanichelli
Silea;Gloria Lussu
Vigasio;Bianca Malpighi
Capodrise;Beppe Juvara
Lerici;Puccio Balbi
Bisignano;Jacopo Filippelli
Bagnara Calabra;Caterina Federici
Sedico;Gianpaolo Catenazzi
Cingoli;Massimiliano Casini
Busca;Erika Soderini
Novi di Modena;Biagio Zacchia
Bucine;Leopoldo Mastandrea
Sermoneta;Girolamo Nitti
Asola;Girolamo Tropea
Vaiano;Luchino Altera
San Giorgio del Sannio;Iolanda Andreozzi
Sovicille;Ida Celentano
Morrovalle;Fabrizia Brancaccio
San Felice Circeo;Graziano Veneziano
Tolmezzo;Gianluca Dona
Poggio a Caiano;Ferdinando Barbarigo
Cetraro;Roberto Prada
Bonate di Sopra;Tonia Fabbri
Macomer;Severino Vitturi
Oppeano;Aria Bosio
Verucchio;Alderano Disdero
Barano d'Ischia;Loredana Fiorucci
Melendugno;Durante Vezzali
Vigonovo;Giosue Vanvitelli
Lizzano;Daniele Fabrizi
Meldola;Massimo Maccanelli
Castelletto sopra Ticino;Renzo Tutino
San Vendemiano;Pierangelo Tonisto
Racconigi;Pompeo Leopardi
Castellamonte;Virginia Capecchi
Monteriggioni;Luisa Munari
Lomazzo;Gian Camicione
Cavriago;Viridiana Chigi
Gambolo;Milena Fieramosca
Quinto di Treviso;Susanna Abatantuono
Urgnano;Silvestro Nonis
Sannicandro di Bari;Liana Toscani
Barga;Panfilo Tozzi
Casaluce;Michelangelo Peranda
Siano;Lamberto Turati
San Pancrazio Salentino;Francesco Giannetti
Montescaglioso;Milo Vendetti
Montemarciano;Gianpaolo Zanzi
Fino Mornasco;Valerio Prati
Argelato;Gianluigi Majorana
Crosia;Fabio Rossini
Campobello di Licata;Marissa Paruta
Lurate Caccivio;Zaira Giolitti
Mori;Amadeo Solari
Trescore Balneario;Benvenuto Orengo
Castrolibero;Amedeo Sokolov
Garlasco;Tiziano Lussu
Poggio Renatico;Eugenia Migliaccio
Boves;Fausto Sismondi
Conselice;Ermenegildo Mazzanti
Sant'Egidio alla Vibrata;Alberto Cuda
Ruffano;Daniele Petrucelli
Cuorgne;Ermanno Tosto
Deruta;Massimiliano Galilei
Dolianova;Filippo Ammaniti
Recco;Loredana Lucchesi
Matelica;Loretta Bonomo
Porto Tolle;Gianmarco Foconi
Bellinzago Novarese;Francesca Luxardo
Castel Bolognese;Ranieri Camuccini
Santo Stefano di Magra;Gioacchino Vecellio
Mareno di Piave;Gabriella Volterra
Zafferana Etnea;Fernanda Balla
Sorbolo;Isa Verdi
Gassino Torinese;Adamo Baglioni
Nepi;Massimo Togliatti
Elmas;Rosario Ferrante
Cavriglia;Vincentio Duse
Piombino Dese;Gelsomina Saracino
Marano Vicentino;Martino Cundari
Resana;Fiorenzo Grossi
Fiumefreddo di Sicilia;Luigina Stefanelli
Mendicino;Elladio Carriera
Traversetolo;Rosaria Garozzo
Castelleone;Giancarlo Grimani
Foiano della Chiana;Gianluca Pirelli
Capriolo;Veronica Abate
San Giovanni in Marignano;Sandro Tozzi
Fossombrone;Biagio Piccinni
Broni;Martina Duse
Aragona;Marissa Caffarelli
Santa Teresa di Riva;Lucio Crespi
Aradeo;Guarino Cabrini
Gavirate;Severino Mazzini
Maserada sul Piave;Marina Maderno
Pasian di Prato;Gionata Liguori
Loria;Aldo Taccola
Giardini;Adamo Volta
Filottrano;Niccolo Carfagna
Pizzo;Franco Geraci
Mosciano Sant'Angelo;Danilo Cimarosa
Treia;Ermanno Biagi
Brugnera;Margherita Stucchi
Carignano;Silvia Jilani
Borgosatollo;Coriolano Trebbi
Vignate;Ubaldo Tolentino
Villa Castelli;Serafina Cendron
Belvedere Marittimo;Ilaria Moretti
Castellabate;Sergius Argurio
San Marzano di San Giuseppe;Sophia Comboni
Vanzago;Gilberto Borsellino
Cherasco;Danilo Chittolini
Luzzi;Mauro Oliboni
Troina;Flavia Gulotta
Istrana;Alessia Bertoli
Segni;Gianfranco Avogadro
Cermenate;Manuel Casini
Folignano;Greco Squarcione
Iseo;Atenulf Finzi
Magnago;Donna Carocci
Santa Lucia di Piave;Sole Papafava
Vittuone;Ludovico Salvini
Costa Volpino;Marcantonio Caffarelli
Inverigo;Girolamo Mazzanti
Gaggiano;Leonardo Tedesco
Podenzano;Dina Bonomo
Savignano sul Panaro;Enrico Scarfoglio
Masera di Padova;Dante Navarria
Sant'Agnello;Coluccio Napolitano
Santa Margherita Ligure;Vanessa Antonioni
Cogoleto;Antonina Muratori
Vaprio d'Adda;Arsenio Antonelli
Reggiolo;Baldassare Pacetti
Serramanna;Gioachino Montalcini
Gonzaga;Griselda Mimun
Soverato Marina;Paloma Schiaparelli
Trebisacce;Sandra Ferrucci
Asolo;Maria Ginese
Castagneto Carducci;Benito Cuzzocrea
Martano;Greca Gargallo
Malalbergo;Cassandra Broggini
Castelnuovo Berardenga;Aurora Capuana
Aviano;Fausto Savorgnan
Oggiono;Giovanni Riccardi
Roccastrada;Biagio Cagnotto
Petilia Policastro;Nico Bongiorno
Monteroni d'Arbia;Raffaellino Togliatti
San Sebastiano al Vesuvio;Saverio Morellato
Colorno;Elladio Guinizzelli
Tirano;Beppe Guarana
Parabita;Bruno Bajamonti
Sorisole;Maria Bocca
Cesa;Leopoldo Salvemini
Pandino;Rosina Montanelli
Civitella in Val di Chiana;Giuliana Piane
Monticello Conte Otto;Rodolfo Sinisi
Montagnana;Agnolo Mezzetta
Noventa Vicentina;Maurilio Monaco
Teolo;Barbara Zaccagnini
Besozzo;Adelmo Galiazzo
Gatteo;Greco Tafuri
Montalto di Castro;Agostino Bondumier
Roccapiemonte;Gemma Ziani
Mozzate;Romina Russo
Lavis;Emilio Bandello
Guardiagrele;Gabriele Cilea
Tarcento;Ubaldo Berlusconi
Luzzara;Romina Conte
Lacchiarella;Milo Pozzecco
Cutrofiano;Gaetano Tamborini
Legnaro;Loredana Pinamonte
Zogno;Costantino Paltrinieri
Castel Gandolfo;Oreste Matteotti
Ponte Buggianese;Temistocle Pacelli
Monteforte d'Alpone;Paola Venditti
Subiaco;Alessandra Pavarotti
Soresina;Filippo Trombetta
Porcari;Lolita Gulotta
Bovalino Marina;Ivo Cerquiglini
Ala;Costantino Vidoni
Flero;Marta Moccia
Felino;Sylvia Salieri
Minervino Murge;Donatello Volta
La Loggia;Angelica Mezzetta
Albinea;Piergiorgio Pincherle
Ceprano;Adelasia Trentini
Brandizzo;Emilio Trupiano
Gessate;Tullio Pontecorvo
Campogalliano;Paride Galeati
Farra di Soligo;Milo Gualandi
Vestigne;Ludovica Rosiello
Orte;Ida Zamengo
Borgoricco;Maria Tomaselli
Triuggio;Lucrezia Rosiello
Minerbio;Antonello Turchetta
Torre Boldone;Gianni Fieramosca
San Giorgio di Piano;Sophia Manzoni
Zanica;Bianca Cristoforetti
Monte Porzio Catone;Federica Brancaccio
Rignano sull'Arno;Emilio Campano
Vergiate;Camillo Gagliardi
Trissino;Amadeo Cafarchia
Missaglia;Federigo Petralli
Morlupo;Rodolfo Fittipaldi
Lequile;Maura Balbo
Castelbuono;Francesca Ponti
Laveno-Mombello;Lazzaro Segni
Casorate Primo;Loredana Barzini
Viagrande;Ida Gravina
Monte San Savino;Adele Tomaselli
Erchie;Gianfrancesco Mazzi
Palazzolo Acreide;Maura Pisaroni
Coccaglio;Romina Palmisano
Pianella;Francesca Caetani
Vicopisano;Michela Quasimodo
Volvera;Dolores Ruberto
San Giuseppe Iato;Laura Errigo
Roverbella;Isa Turati
Clusone;Fiorino Calarco
Inveruno;Arturo Botta
Bruino;Ottone Righi
Casapulla;Beppe Palombi
Dorgali;Franco Stein
San Gavino Monreale;Federico Pugliese
Ferrandina;Atenulf Toscanini
Breganze;Melina Sauro
Gavorrano;Mirko Pizzamano
Spello;Calcedonio Serao
Castelnuovo di Porto;Gioacchino Montanari
Sortino;Lucrezia Schiaparelli
Chiusi;Lando Galeati
Santa Venerina;Elvira Trombetta
Brembate;Romina Schiavo
Cagli;Fiorenzo Salieri
Galbiate;Gianmarco Inzaghi
Calvisano;Lisa Martinelli
Ittiri;Giacinto Brenna
Ronciglione;Patrizia Paoletti
Boville Ernica;Agostino Falloppio
Striano;Riccardo Trapanese
Santhia;Matilda Tornatore
Zoppola;Fiorino Bianchini
Fermignano;Dionigi Asprucci
Pietra Ligure;Domenico Baglioni
Villafranca Tirrena;Michela Torricelli
Cologna Veneta;Aldo Petrassi
Sanluri;Pietro Toninelli
Castelnovo di Sotto;Graziella Ammaniti
Sandrigo;Nicoletta Pacelli
Nogara;Ermes Cerquiglini
Castegnato;Luisa Beccaria
Concordia sulla Secchia;Rita Guglielmi
Prata di Pordenone;Bianca Vanvitelli
Pogliano Milanese;Ramona Saraceno
Casarsa della Delizia;Fiorenzo Paganini
Caprino Veronese;Ubaldo Niggli
Tombolo;Berenice Carfagna
Airola;Silvestro Interminei
Calusco d'Adda;Donatella Leoncavallo
Bientina;Ruggero Lovato
Sala Bolognese;Vincenza Ponti
Vado Ligure;Licia Tommaseo
Tuscania;Liliana Ginese
Pino Troinese;Maura Guarato
Trevi;Lucrezia Salvemini
Vallo della Lucania;Marisa Serlupi
Ponte di Piave;Patrizio Argenti
Toritto;Salvatore Satta
San Damiano d'Asti;Francesca Carullo
Castelnuovo di Magra;Vito Tognazzi
Piovene Rocchette;Damiano Badoglio
Fiesso d'Artico;Laureano Segre
Altavilla Milicia;Lara Magnani
San Sperate;Federigo Tutino
Serramazzoni;Francesca Rossi
Cuggiono;Serafina Branciforte
Soriano nel Cimino;Vincenzo Lercari
Massa Marittima;Lando Pavanello
Taglio di Po;Griselda Volterra
Fabrica di Roma;Roman Ferrazzi
Salice Salentino;Pompeo Muti
Ponte nell'Alpi;Stefani Marinetti
Albano Sant'Alessandro;Edoardo Piccio
Sirmione;Giorgia Accardo
Decimomannu;Roberta Santorio
Agira;Angelina Scandone
Monte Urano;Sandra Iadanza
Vicchio;Rolando Tarantini
Petrosino;Agostino Borsiere
Boiano;Silvestro Viviani
Verolanuova;Ansaldo Corcos
Capriate San Gervasio;Mattia Comeriato
San Cesario di Lecce;Rosario Tomei
Fusignano;Alberto Nadi
Paliano;Fiorino Navone
Cariati;Tiziana Ceci
Racalmuto;Luigi Borromini
Rivolta d'Adda;Veronica Gullotta
Caccamo;Greco Ravaglioli
Rossano Veneto;Giosue Siffredi
Solarino;Rita Caruso
Chiaramonte Gulfi;Ignazio Caboto
Vobarno;Fedele Raimondi
Fuscaldo;Maura Mascheroni
Quarto d'Altino;Tullio Albertini
Cervaro;Baldassare Cagnotto
Leporano;Giacinto Ginesio
Verdello;Teresa Missoni
Campomarino;Orazio Serraglio
Fontaniva;Ugo Comboni
Villa Guardia;Paride Ajello
Novoli;Santino Mezzetta
Fara Gera d'Adda;Ruggiero Bonino
None;Aldo Bertoni
Montorio al Vomano;Guarino Ferragamo
Grottaminarda;Michele Forza
Caerano di San Marco;Liberto Padovano
Levico Terme;Bianca Monte
Gattinara;Dionigi Ferrazzi
San Daniele del Friuli;Piergiuseppe Foscari
Monte San Giusto;Domenico Pininfarina
Pisogne;Carlo Serao
Motta Visconti;Dionigi Sordi
Maracalagonis;Lucrezia Romagnoli
Casteltermini;Raffaele Bodoni
Tavullia;Alessia Gucci
Borgonovo Val Tidone;Jolanda Curatoli
San Giovanni Gemini;Rolando Marinetti
Meta;Ansaldo Paoletti
Cellole;Silvia Toso
Cartoceto;Leone Bossi
Bosa;Luca Ossola
Limena;Lilla Cianciolo
Mariglianella;Carmelo Casalodi
Portico di Caserta;Rossana Borghese
Marnate;Liberto Finzi
Campoformido;Griselda Broschi
Gravellona Toce;Fedele Favata
Cumiana;Ramona Longhena
Colico;Giuliana Pacomio
Arcugnano;Livio Barcella
Bolano;Raffaella Tacchini
Toscolano;Maria Carriera
Breda di Piave;Liliana Raurica
Palagianello;Cristina Gianvecchio
Origgio;Gilberto Aulenti
Serra Ricco;Leopoldo Lancisi
Crescentino;Gaspare Nonis
Avella;Pompeo Cerquiglini
Sacrofano;Nedda Brugnaro
Rovellasca;Ottone Priuli
Teggiano;Lodovico Ruffini
Marmirolo;Ludovica Malatesta
Rizziconi;Annetta Marangoni
Torrile;Rosina Ricolfi
San Gimignano;Roman Albertini
Pantelleria;Gianfrancesco Casadei
Tavernelle in Val di Pesa;Arnulfo Rinaldi
Pelago;Licia Pucci
Appiano Gentile;Luisa Ungaretti
Vigliano Biellese;Alessio Renzi
Manziana;Mirko Juvara
Pasiano;Amico Casadei
Carpaneto Piacentino;Lucio Marcacci
Fivizzano;Paloma Zecchini
Vietri sul Mare;Romina Franzese
Cairate;Ronaldo Andreozzi
Recale;Camillo Ferretti
Loreggia;Sole Scarfoglio
Barge;Guido Surian
Agerola;Alphons Florio
Santa Maria di Licodia;Vito Gianetti
Tricesimo;Ermanno Pisacane
Citta della Pieve;Raimondo Pennetta
Vico del Gargano;Diana Gori
Castiglione Olona;Sole Trebbi
Vergato;Emma Bruscantini
Costabissara;Filippa Cesaroni
Mozzecane;Lucio Falier
Soncino;Serena Panatta
Stra;Nicola Viviani
Vigarano Mainarda;Claudio Sinisi
Naro;Alina Tartini
Brisighella;Tatiana Cantimori
Castellalto;Elisa Jacuzzi
Carmignano di Brenta;Fabrizia Greco
Curno;Tiziana Ferrara
Mirabella Eclano;Gianluigi Ajello
Lodi Vecchio;Giosue Mattarella
Sonnino;Simone Albertini
Candelo;Nico Manolesso
Cologne;Ansaldo Quasimodo
Pratola Peligna;Adelasia Sonnino
Nicolosi;Salvatore Omma
Campofelice di Roccella;Luciana Persico
Caluso;Annunziata Pelli
Lamporecchio;Fiorenzo Carpaccio
Roccasecca;Paulina Colletti
Cotignola;Guido Tanzini
San Giorgio di Nogaro;Durante Saffi
Vitulazio;Gastone Barsanti
San Zenone;Aurora Nitto
Bovezzo;Nino Pascarella
Grumello del Monte;Giulio Gaiatto
Vedano Olona;Isa Trapanese
Torregrotta;Raimondo Oliboni
San Colombano al Lambro;Valentina Montalcini
San Marco Argentano;Mercedes Natta
Sparanise;Giustino Majewski
Borgetto;Allegra Turci
Zelo Buon Persico;Gabriella Procacci
Loreto Aprutino;Renzo Ruffini
Tito;Armando Gemito
Pederobba;Fabia Bajamonti
Cavenago di Brianza;Piersanti Lombardi
Cormons;Beatrice Ottino
Sant'Agata Bolognese;Carolina Rossellini
Volta Mantovana;Tonia Gagliardi
Forte dei Marmi;Oreste Ginesio
Castel Madama;Pasqual Bramante
Carnate;Ivo Guinizzelli
Marcellina;Gianpaolo Squarcione
Vezzano Ligure;Milo Camanni
Curtarolo;Carolina Leonardi
Chiavenna;Uberto Bottigliero
Manciano;Piermaria Roncalli
Staranzano;Sabatino Tornatore
Luserna San Giovanni;Alberto Asprucci
Venegono Superiore;Germana Botticelli
Castiglione della Pescaia;Geronimo Nadi
Poviglio;Fausto Turci
Torrita di Siena;Girolamo Magrassi
Santa Giustina in Colle;Adriana Monteverdi
Rufina;Milo Cagnotto
Militello in Val di Catania;Ludovica Carpaccio
Binasco;Letizia Santoro
Isola delle Femmine;Fortunata Caccioppoli
Carinola;Guglielmo Verga
Turbigo;Gioacchino Cristoforetti
Povegliano Veronese;Pasquale Malacarne
Campagna Lupia;Raimondo Borromeo
Camerano;Ricciotti Mogherini
Montalbano Ionico;Augusto Bosio
Montecosaro;Gioacchino Peruzzi
Roggiano Gravina;Ciro Salvemini
Corte Franca;Temistocle Luxardo
Cagnano Varano;Evangelista Cassara
Pontremoli;Cristina Valentino
Castello di Godego;Marina Maglio
Longiano;Annibale Rocca
Sennori;Vincenza Odescalchi
Regalbuto;Romana Soranzo
Sant'Angelo di Piove di Sacco;Annetta Chinnici
Adro;Ignazio Alighieri
Cimitile;Giovanni Cuda
Capri;Alderano Morabito
Mezzolombardo;Pierina Gulotta
Arpino;Angelo Giulietti
Bardolino;Biagio Chechi
Varallo;Adriana Ortese
Quiliano;Rosaria Palombi
Galliera Veneta;Guglielmo Rizzo
Spinetoli;Amanda Ziani
Melissano;Antonio Casini
Novafeltria;Vittorio Miniati
Pontevico;Letizia Curiel
Brugine;Niccolo Sordi
Roccadaspide;Maria Veneziano
Campli;Gianna Finotto
Caulonia;Ugolino Nadi
Soave;Francesco Bertolucci
Camerota;Pomponio Galiazzo
Sassoferrato;Manuel Zichichi
Trino;Bianca Golino
Altavilla Silentina;Giovanni Falier
Montecassiano;Martina Favata
Urbania;Lucia Fieramosca
Asciano;Loredana Nicolini
Pieve di Cento;Loretta Comencini
Rivergaro;Emma Boccioni
Buttapietra;Carolina Corcos
Vernole;Sylvia Pennetta
Gioiosa Ionica;Silvestro Pistoletto
Dronero;Isa Papafava
Passirano;Rolando Muratori
Chianciano Terme;Lidia Sagredo
Orosei;Coluccio Gottardi
Pegognaga;Panfilo Sorrentino
Fosso;Lando Vattimo
Grazzanise;Antonella Faugno
San Benedetto Po;Valentina Argan
Fontanellato;Daniele Pizzo
Canicattini Bagni;Sante Pirandello
Cavezzo;Matilda Costalonga
Baricella;Giuseppina Trillini
Carosino;Augusto Interminelli
Solesino;Luisa Roncalli
Olginate;Filippa Garrone
Cordignano;Carla Marinetti
Morciano di Romagna;Fiorino Missoni
Oliena;Cassandra Letta
Barlassina;Silvia Bragadin
Calimera;Arsenio Iacovelli
Cles;Margherita Zamengo
San Filippo della Mela;Rocco Curatoli
Centallo;Mariano Soranzo
Bellante;Roberto Bataglia
Senise;Galasso Mazzeo
Borgo a Mozzano;Edoardo Guglielmi
Roncoferraro;Piergiuseppe Campanella
Spezzano Albanese;Beppe Salandra
Cassolnovo;Damiano Gozzi
Scorrano;Luisa Brunello
Vallecrosia;Lucio Pascarella
Vazzola;Bartolomeo Pignatti
Santi Cosma e Damiano;Silvio Palmisano
Serino;Ferdinando Lettiere
Saltara;Severino Chinnici
Noventa di Piave;Stefani Bocca
Anacapri;Eliana Falloppio
San Fior di Sopra;Mattia Valentino
Lazise;Amleto Trombetta
Vipiteno;Vittoria Tarchetti
Camerino;Federigo Garobbio
Cambiago;Enrico Chittolini
Borgo;Bruno Ligorio
Lignano Sabbiadoro;Eleanora Martinelli
Gioiosa Marea;Donatello Bottaro
Roccarainola;Federigo Tamburi
Busseto;Riccardo Borgia
Villasor;Santino Cossiga
Pozzuolo del Friuli;Pierangelo Dossetti
Manoppello;Mario Totino
Montelabbate;Donato Parpinel
Pignola;Lilla Boccaccio
Borgo Val di Taro;Napoleone Savorgnan
Nole;Ippazio Trobbiani
Sommatino;Eraldo Bernetti
Spino d'Adda;Costanzo Pizzetti
Zibido San Giacomo;Graziella Trillini
Marzabotto;Cassandra Tomaselli
Ferno;Rocco Bonatti
Campomorone;Baccio Jacuzzi
Sant'Agostino;Claudia Zola
Mapello;Loredana Nitti
Mercato Saraceno;Isa Forza
San Vincenzo;Fedele Tamburi
Pietraperzia;Panfilo Luna
Cerano;Napoleone Santoro
Martignacco;Gianni Soprano
Nova Siri;Benvenuto Scandone
Monte San Vito;Ornella Toninelli
Caraglio;Flavia Montalti
Santa Giustina;Melina Fo
Mesola;Germana Paolucci
Villa di Serio;Giustino Tosi
Cava Manara;Camilla Crisafulli
Lercara Friddi;Rolando Dibiasi
Settimo San Pietro;Puccio Marrone
Tagliacozzo;Aurora Pucci
Olevano sul Tusciano;Sandra Guidone
Mileto;Lorenzo Manolesso
Ostiglia;Mirko Soderini
Robecco sul Naviglio;Gioacchino Zanazzo
Montegiorgio;Enzo Bertoni
Carnago;Graziella Bocca
Curinga;Vincentio Valentino
Cittaducale;Geronimo Carpaccio
Cernobbio;Lucia Cremonesi
Praia a Mare;Severino Borromeo
Sapri;Clelia Cimini
Casteggio;Dina Rubbia
Castel di Sangro;Coluccio Michelangeli
Alliste;Ernesto Govoni
Notaresco;Paloma Zola
Carapelle;Maurizio Missoni
Sarnico;Caterina Pellegrini
Salgareda;Edoardo Pellegrini
Larino;Lisa Solari
Nervesa della Battaglia;Guarino Rizzo
Villa d'Alme;Costanzo Borsiere
Olevano Romano;Eugenia Rensi
Torgiano;Arnaldo Casale
Zane;Mirco Lippomano
Arconate;Alfredo Callegari
Sutri;Puccio Gozzano
Brendola;Romolo Volta
Poggio Rusco;Marcello Brichese
Villadossola;Simone Nibali
Montenero di Bisaccia;Piersanti Sonnino
Fabbrico;Margherita Mortati
Serra San Bruno;Adelmo Lollobrigida
Avetrana;Lilla Tozzi
Marina di Gioiosa Ionica;Matilda Cugia
Marcaria;Ramona Puccini
Dozza;Adele Bresciani
Castello d'Argile;Irma Trapani
San Marco Evangelista;Bianca Gentili
Mede;Nanni Zoppetto
San Cipriano Picentino;Antonina Satta
San Donaci;Eraldo Proietti
Gorle;Giampiero Parpinel
Livigno;Paoletta Bulzoni
Pollenza;Stefania Odescalchi
Montesano sulla Marcellana;Giuliana Pietrangeli
Montebello Vicentino;Gaspare Serao
Marineo;Costanzo Donini
Calatafimi;Giovanni Ossola
Cellino San Marco;Carla Bello
Gonnosfanadiga;Lisa Saracino
Ceriano Laghetto;Sergius Sagnelli
Strongoli;Maurizio Galilei
Vairano Patenora;Benito Collina
Spinazzola;Loredana Asmundo
Pontenure;Santino Fornaciari
Buia;Elisa Morgagni
Bolzano Vicentino;Paulina Turrini
Verzuolo;Matteo Montesano
Cinquefrondi;Anita Contarini
Gualtieri;Gianpietro Tasso
Labico;Gianmarco Fusani
Piedimonte San Germano;Benito Cristoforetti
Pizzighettone;Ricciotti Totino
Codevigo;Sophia Sandi
Canova;Edoardo Fioravanti
San Cesario sul Panaro;Pasquale Loredan
Rosolina;Luisa Impastato
Sammichele di Bari;Pasqual Casaleggio
Gradisca d'Isonzo;Luigi Moccia
Roccella Ionica;Pietro Galvani
Sant'Arcangelo;Nico Gelli
Balestrate;Bartolomeo Pizzo
Asiago;Antonella Bosio
Capranica;Ansaldo Gasperi
Almese;Alberto Pellico
Vidigulfo;Manuel Dona
Dairago;Donatella Salandra
Calci;Paolo Stradivari
Arquata Scrivia;Martina Moretti
Albanella;Maria Pisacane
Poggio Mirteto;Eva Esposito
Cisano Bergamasco;Lilla Nolcini
Landriano;Marcantonio Serao
Monzuno;Martino Odescalchi
Subbiano;Aldo Ferrazzi
Alessano;Alessandro Cainero
San Marcello Pistoiese;Ermenegildo Pizziol
Sesto al Reghena;Marcello Gatto
Capannoli;Tullio Dossi
Fossacesia;Flavio Jacuzzi
Mesoraca;Loretta Ottino
Albiate;Lidia Tasca
Buttigliera Alta;Dina Santorio
Lesina;Stefano Lercari
San Giorgio in Bosco;Carlo Nolcini
Meolo;Michela Caccioppoli
Gallicano nel Lazio;Gioffre Cutrufo
Susa;Lucrezia Jacuzzi
Caneva;Cesare Germano
Santa Margherita di Belice;Aldo Battisti
Robbiate;Gianluca Bellini
Abbadia San Salvatore;Pierluigi Gemito
Sommariva del Bosco;Livia Speri
Monte San Biagio;Michelangelo Casini
Tropea;Amleto Callegaro
Recoaro Terme;Flavia Semitecolo
Fagagna;Michelotto Lettiere
San Martino Siccomario;Fedele Montesano
Porto Cesareo;Orlando Fallaci
Quinzano d'Oglio;Coriolano Boito
Cornuda;Ludovica Bombieri
Mattinata;Michelangelo Mercantini
Tortorici;Beatrice Iannucci
San Michele Salentino;Ilaria Argurio
Medolla;Gianna Travaglio
Marcallo con Casone;Barbara Gaito
Almenno San Bartolomeo;Antonina Boccherini
Arcole;Alphons Pozzecco
San Canzian d'lsonzo;Piero Petrucelli
Belgioioso;Gioele Foletti
Trasacco;Arnulfo Berre
Cammarata;Francesco Rossi
Fossalta di Portogruaro;Alfio Sobrero
Castelgomberto;Adriano Garozzo
Maiolati Spontini;Romana Vespa
Silandro;Luciana Fagiani
Montebello Ionico;Daniele Meucci
Sernaglia della Battaglia;Gioffre Ossola
Carloforte;Rocco Ungaretti
Villa Cortese;Roberto Ceri
Ghisalba;Gustavo Zarlino
Strambino;Costanzo Antonini
Ascoli Satriano;Azeglio Miniati
Tortora;Ippazio Navarria
Piana degli Albanesi;Giada Lussu
San Polo d'Enza in Caviano;Agnolo Chigi
Nicotera;Gianluigi Mercalli
Lioni;Alderano Combi
Poppi;Oreste Rosmini
Sumirago;Adriano Taliani
Domusnovas;Martino Iadanza
Montelepre;Virgilio Cagnotto
Villaverla;Ornella Trincavelli
San Giovanni al Natisone;Costanzo Mastroianni
Rio Saliceto;Amadeo Ciampi
Ravarino;Cirillo Torlonia
Venegono Inferiore;Veronica Montanelli
Ceggia;Donatello Donarelli
Rovello Porro;Adamo Bernetti
Torreglia;Corrado Errigo
Monterenzio;Augusto Bresciani
Bellona;Elena Vergerio
Crocetta del Montello;Gioachino Moresi
Remanzacco;Eleanora Parpinel
Casalbordino;Graziano Dibiasi
Sermide;Ippazio Disdero
Motta San Giovanni;Benito Cendron
Cadeo;Jolanda Cusano
Siziano;Paulina Golino
Vizzini;Fernanda Luciani
Gaiarine;Virgilio Mogherini
Luco dei Marsi;Alessandro Leonardi
San Lucido;Gionata Bossi
Collecorvino;Martino Maspero
Pantigliate;Tiziana Sorrentino
Sant'Elia Fiumerapido;Virgilio Seddio
Vernio;Panfilo Foscari
San Benigno Canavese;Maria Giacconi
Godega di Sant'Urbano;Lara Nitto
Offanengo;Isabella Petrassi
Ostellato;Virgilio Tacchini
San Giovanni Suergiu;Eleanora Lollobrigida
Guidizzolo;Pomponio Sommaruga
Brignano Gera d'Adda;Enrico Rapisardi
Cambiano;Micheletto Bruno
Fornovo di Taro;Eleanora Ajello
Pimonte;Salvi Spanevello
Ronco all'Adige;Vittoria Mannoia
Bagni di Lucca;Berenice Comeriato
Serravalle Scrivia;Vanessa Angeli
Poggiardo;Cristina Leonardi
Castelsardo;Pierangelo Tonisto
Calcinate;Gastone Rienzo
Collepasso;Ugo Campanella
Bagnolo Piemonte;Arnaldo Costalonga
Mel;Griselda Soprano
Gualdo Cattaneo;Marissa Tornatore
Pignataro Maggiore;Giulia Marinetti
Serradifalco;Lauretta Galeati
Borso del Grappa;Anita Celentano
Genazzano;Virginia Mezzetta
Roveredo in Piano;Nicolo Sagredo
Bagnolo San Vito;Danilo Pezzali
Castelnuovo di Garfagnana;Rocco Valmarana
Maiano;Salvatore Giannotti
Cavaion Veronese;Raffaello Pareto
Montalcino;Laura Redi
Truccazzano;Gioele Savorgnan
Villa Bartolomea;Oreste Pagliaro
Bagno di Romagna;Luigina Quasimodo
Picerno;Umberto Persico
Diano Marina;Veronica Sabbatini
Sannicola;Monica Cantimori
Loro Ciuffenna;Marisa Donini
Ascea;Gino Nosiglia
Torrebelvicino;Giulia Musatti
Cortina d'Ampezzo;Tatiana Gelli
Cavaria;Pina Lancisi
Sambuca di Sicilia;Emilio Albertini
Robbio;Gabriele Vercelloni
Villanuova sul clisi;Eugenia Manolesso
Girifalco;Eliana Deledda
Bussoleno;Annamaria Cortese
Costigliole d'Asti;Rodolfo Ariosto
Quinto Vicentino;Giosue Mazzacurati
Palosco;Toni Panicucci
Naturno;Concetta Caffarelli
Stornara;Lazzaro Mezzetta
Otranto;Danilo Garibaldi
Villanova Mondovi;Lucia Donarelli
Cellamare;Adriano Briccialdi
Rosate;Matteo Bruscantini
Rudiano;Biagio Ligorio
Ceva;Bartolomeo Camanni
Corigliano d'Otranto;Gioele Giradello
Brolo;Beppe Conti
Rogliano;Niccolo Conti
San Dorligo della Valle;Paola Nonis
Campo San Martino;Giosue Malacarne
Fontanelle;Germana Corradi
Gattatico;Rosaria Corradi
San Paolo di Civitate;Olga Serlupi
Alezio;Antonella Giusti
Cogorno;Eliana Tutino
Spirano;Calogero Boito
Uzzano;Flavia Spadafora
Cancello;Atenulf Malpighi
Gabicce;Marcello Guglielmi
Passignano sul Trasimeno;Ivo Segre
Santorso;Emilio Vecoli
Nocera Umbra;Germana Catalano
Trevignano Romano;Pierina Bandello
Pomarance;Cirillo Cafarchia
Ciserano;Raffaele Sabatini
Genzano di Lucania;Rossana Chittolini
Casorate Sempione;Annibale Cardano
Villanova d'Asti;Amleto Pasqua
Castelverde;Giuseppina Antonini
San Secondo Parmense;Girolamo Argan
Longare;Fabio Goldstein
Guagnano;Angelica Argan
Riolo Terme;Napoleone Vergerio
Rocca di Neto;Delfino Canevascini
Almenno San Salvatore;Annalisa Tomaselli
San Giorgio Piacentino;Giada Galiazzo
Arce;Raffaellino Finzi
Acque Dolci;Napoleone Pacillo
Romentino;Carlo Petrocelli
San Donato di Lecce;Pellegrino Pepe
Gossolengo;Lisa Bongiorno
Ospedaletto Euganeo;Rocco Tommaseo
Casaleone;Panfilo Bresciani
Candiolo;Ferdinando Carli
Buti;Piero Scalera
Campagnola Emilia;Mauro Zaccagnini
Canale;Giulietta Fabbri
Gozzano;Romolo Bernardini
Sala Baganza;Lando Gentileschi
Fontevivo;Vincenza Petruzzi
Panicale;Mariano Crisafulli
Alme;Ivan Serao
Dello;Rosa Pizzo
Brescello;Agnolo Papetti
Grotte;Berenice Zamengo
Casoli;Paulina Praga
Trivero;Maura Riccardi
Monteiasi;Mariano Volta
Apice;Ramona Ferraris
Montefalco;Caterina Orlando
Misinto;Alessia Camicione
Pavia di Udine;Silvia Giunti
Ceriale;Ilaria Argurio
Custonaci;Lucio Venditti
Maiori;Benvenuto Aporti
Peveragno;Clelia Sabbatini
Camporosso;Livia Mazzacurati
Besnate;Daria Parmitano
Quistello;Greco Giannuzzi
Cilavegna;Giampaolo Tomei
Angera;Giosue Pelli
Busalla;Galasso Telesio
Chiaravalle Centrale;Pierangelo Bajamonti
Anghiari;Pellegrino Franscini
Carcare;Orazio Pirelli
Davoli;Antonino Petrocelli
Marsico Vetere;Gioachino Cocci
San Tammaro;Eraldo Matteotti
Bracigliano;Armando Borsellino
Villa del Conte;Telemaco Lamborghini
Dicomano;Ivo Antonelli
Castiglione dei Pepoli;Stefani Giacconi
Bentivoglio;Paulina Monti
Cavour;Girolamo Foa
Caiazzo;Luchino Berlusconi
Moglia;Armando Bignami
Mezzocorona;Telemaco Galtarossa
Solbiate Olona;Antonello Prati
Cotronei;Chiara Trapanese
Borgo San Giacomo;Ivo Lettiere
Cavallermaggiore;Guarino Bonaventura
Casorezzo;Elisa Giolitti
Galliera;Domenico Modiano
Lagonegro;Cesare Greco
Acquapendente;Amadeo Gasperi
Certosa di Pavia;Concetta Cafarchia
Corsano;Fabrizia Campano
Povoletto;Maurilio Pastine
Sannazzaro de' Burgondi;Costanzo Prodi
Soleto;Ernesto Pascarella
Palmanova;Paola Palazzo
Torchiarolo;Camillo Serraglio
Caprarola;Paride Petralli
Montepaone;Mirko Fagiani
Gandino;Sophia Busoni
Santa Teresa Gallura;Cristina Villarosa
Vanzaghello;Sonia Ottino
Albisola Marina;Michelangelo Ioppi
Lanusei;Sonia Bellucci
Lurago d'Erba;Valentina Mascheroni
Padula;Paoletta Montanariello
Arienzo;Delfino Barberini
Centuripe;Fiamma Mondadori
Villapiana;Corrado Mattarella
Casalserugo;Dante Frescobaldi
Cupra Marittima;Jacopo Legnante
Forino;Lisa Filippelli
San Cipirello;Gabriella Donini
Gazzo Veronese;Antonino Ceschi
Boretto;Pierangelo Vigorelli
Basiliano;Annalisa Scaramucci
Stornarella;Nina Merisi
Muro Lucano;Lilla Chiaramonte
Nereto;Dino Paltrinieri
Codogne;Tonino Anichini
Linguaglossa;Liberto Calvo
Limana;Annetta Boccaccio
Castelvetro Piacentino;Liberto Mazzeo
Rivanazzano;Vittorio Montalti
Monte Libretti;Giulia Geraci
Casal Velino;Renzo Ginesio
Camposano;Pietro Gangemi
Sovere;Antonia Jovinelli
Aquino;Rocco Rienzo
Viggiu;Bernardo Bondumier
Sant'Omero;Imelda Garobbio
Carsoli;Tatiana Beffa
Rapolano Terme;Arsenio Cociarelli
Camogli;Ernesto Cavalcanti
Albizzate;Luciana Rizzoli
Gizzeria;Rosa Sagnelli
Diamante;Orazio Salieri
Oppido Mamertina;Piersanti Zaccardo
Montemiletto;Liberto Eco
Monticelli d'Ongina;Angelina Contrafatto
Presicce;Giacobbe Schiaparelli
Canino;Giampaolo Trincavelli
Sarroch;Ornella Chittolini
Ispra;Elena Trapani
Sarcedo;Raffaellino Rizzoli
Botricello;Orlando Naccari
Calatabiano;Panfilo Taliani
Polla;Edoardo Toscanini
Muravera;Rocco Giammusso
Rodigo;Letizia Rossetti
Mugnano del Cardinale;Silvio Scamarcio
San Vito Chietino;Umberto Mennea
Malles Venosta;Germana Rapisardi
Montanaro;Pasqual Maglio
Longarone;Renata Valmarana
Castronno;Sylvia Columbo
Santa Caterina Villarmosa;Carolina Toninelli
Esine;Antonino Broschi
Ripi;Raffaellino Govoni
Guglionesi;Severino Pometta
Povegliano;Dante Cafarchia
Illasi;Ivan Porzio
Maruggio;Teresa Raurica
Vitorchiano;Camillo Marsili
Castellucchio;Durante Burcardo
Chiusa;Amleto Mastandrea
San Pietro di Feletto;Gaetano Brichese
Fragagnano;Ruggero Maspero
Poncarale;Pierina Cilibrasi
Neviano;Amico Rossellini
Lovere;Eraldo Bertoni
Coreglia Antelminelli;Flora Casagrande
Laces;Michela Respighi
Tuglie;Ludovico Galilei
Tricarico;Tiziana Terragni
Giavera del Montello;Alfredo Panatta
Correzzola;Rocco Cociarelli
Castrignano del Capo;Griselda Squarcione
Castelnuovo Scrivia;Ludovica Gagliardi
Albaredo d'Adige;Valeria Jovinelli
Cannobio;Orazio Scotto
Favria;Pietro Zito
Giussago;Annunziata Tagliafierro
Cividate al Piano;Eraldo Barsanti
Gottolengo;Durante Capone
Celle Ligure;Ermenegildo Jovinelli
Trezzano Rosa;Silvia Castiglione
Chions;Napoleone Adinolfi
Cerda;Luisa Mantegna
Marano sul Panaro;Giulietta Mazzeo
Vigone;Chiara Raimondi
Capistrello;Gianluca Michelangeli
Centola;Costantino Basso
Bottanuco;Loretta Volta
Vaglia;Lucia Brambilla
Bucchianico;Tiziano Taccola
Campegine;Roberto Mannoia
Veronella;Silvio Morellato
Ardore;Livio Surian
Samassi;Umberto Bignami
Portoscuso;Barbara Gaito
Amalfi;Serena Celentano
Barzano;Enrico Deledda
Gagliano del Capo;Greco Liverotti
Maser;Camillo Barbarigo
Colle Umberto;Raimondo Gabbana
Assoro;Ettore Verga
Borgo Ticino;Rosa Rossellini
Maratea;Annunziata Granatelli
Mineo;Eliana Rensi
San Giovanni Ilarione;Tatiana Berre
Canzo;Iolanda Pozzecco
Laureana di Borrello;Gaetano Boccaccio
Grassano;Sante Opizzi
Ornago;Giacinto Toninelli
Baselga di Pine;Sergius Fiorucci
Mansue;Cecilia Modigliani
Pagnacco;Renzo Mastandrea
Gazzaniga;Paloma Parisi
Melicucco;Guglielmo Salvemini
Corropoli;Greca Ruggeri
Condofuri;Luciano Salieri
Lagundo;Ruggiero Toscani
Telgate;Orazio Altera
Montecastrilli;Oreste Pascarella
Arosio;Tonia Iannucci
Villadose;Angelina Zito
Bella;Eraldo Gremese
Bevagna;Gemma Ceschi
Lonate Ceppino;Leonardo Zaccardo
Lanzo Torinese;Berenice Montecchi
Castelbellino;Cipriano Cappelli
Agnone;Carolina Gianetti
Tolfa;Melina Vanvitelli
Lesignano de' Bagni;Marcantonio Lercari
Lomagna;Biagio Gargallo
Terranova di Sibari;Gabriella Piccio
Sant'Angelo Romano;Greca Borromini
San Gemini;Delfino Ceravolo
Gorla Maggiore;Ruggiero Carli
Spadafora;Biagio Monte
Santo Stefano Ticino;Lolita Ostinelli
Tursi;Donatella Bragadin
San Ferdinando;Elladio Anguissola
Mornago;Franco Branciforte
Porlezza;Mirco Govoni
Mortegliano;Licia Perozzo
Nove;Luchino Cimini
Gonnesa;Ninetta Maderna
Offida;Enzo Bosurgi
Santa Ninfa;Matilda Almagia
Rovolon;Domenico Buonauro
Serravalle Sesia;Victoria Guglielmi
Saccolongo;Gaspare Grimani
San Polo di Piave;Annetta Lupo
Ricadi;Filippo Ferrabosco
Sassano;Giuliana Cheda
Muro Leccese;Giorgio Pagliaro
San Francesco al Campo;Ferdinando Ferrucci
Varallo Pombia;Mariano Speri
Guardia Sanframondi;Alberico Scarponi
Tregnago;Luigina Stein
Licciana Nardi;Camilla Semitecolo
Civitella del Tronto;Fedele Guarato
Stresa;Sonia Trombetta
Irsina;Aldo Rossellini
Reana del Roiale;Lina Rossi
Arsago Seprio;Aldo Sandi
Morcone;Antonina Cuomo
Zimella;Serena Ceschi
San Martino Valle Caudina;Marcella Ludovisi
Corinaldo;Mauro Palumbo
Buccino;Toni Carocci
Gradara;Agostino Fallaci
Norcia;Emilio Gagliardi
Scilla;Mercedes Spinola
Baveno;Amleto Caracciolo
Bagnolo Cremasco;Ninetta Bertoni
Monzambano;Virgilio Grossi
Arcene;Cecilia Ferrazzi
Cisliano;Flavio Modiano
Robecchetto con Induno;Goffredo Cremonesi
Popoli;Annibale Bonanno
Francolise;Durante Parpinel
Gambassi;Cecilia Amato
Senorbi;Rolando Zetticci
Bassano Romano;Lodovico Dallara
Casale di Scodosia;Angelina Strangio
Gaggio Montano;Renata Verdone
Lagosanto;Clelia Turci
Torrice;Piersanti Guinizzelli
Verolengo;Ottavio Falcone
Soragna;Elisa Marrone
Arzergrande;Venancio Interiano
Cupello;Gloria Gori
San Pellegrino Terme;Melina Jacuzzi
Villarosa;Angelica Salandra
Supino;Ferdinando Lamborghini
Palazzo San Gervasio;Alfio Emanuelli
Cropani;Diana Armellini
Breno;Adelmo Pedroni
Trichiana;Pasquale Perozzo
Marrubiu;Fortunata Bruno
Stroncone;Nicoletta Donati
Castel del Piano;Costanzo Mazzi
Serrenti;Mario Salieri
Santa Giusta;Giosue Moschino
Lacco Ameno;Martina Giradello
Aidone;Milena Puccini
Borghetto Santo Spirito;Lidia Maglio
Agugliano;Sole Campano
San Giovanni Bianco;Lodovico Ferrabosco
Fosdinovo;Ivan Schiaparelli
Nocera Terinese;Filippa Carriera
Osnago;Carlo Tolentino
Paratico;Tina Turrini
Roccafranca;Riccardo Ludovisi
San Costanzo;Francesco Borromeo
Torre di Mosto;Paolo Caccioppoli
Veggiano;Ramona Bianchini
Mirabella Imbaccari;Liliana Ludovisi
Catenanuova;Fernanda Tartini
Cocquio Trevisago;Alessio Venditti
Miglianico;Francesco Bosurgi
San Martino in Pensilis;Gioacchino Gadda
Buscate;Elena Comeriato
Andrano;Lodovico Antonucci
Specchia;Martino Rusticucci
Gambara;Dario Capecchi
San Bartolomeo in Galdo;Alderano Marconi
Baiano;Liliana Naccari
Alvignano;Enrico Carducci
Castro dei Volsci;Fiamma Valentino
Caorso;Ludovico Corradi
Dogliani;Micheletto Brenna
Villafranca in Lunigiana;Piermaria Marenzio
Peccioli;Dario Bonaventura
Sant'Ambrogio di Torino;Piersanti Carpaccio
Gonars;Vittoria Conti
Villaputzu;Lamberto Boezio
Prizzi;Valentina Salata
Azzate;Sante Palumbo
Monta;Virginia Carocci
Berra;Giulio Romano
San Vito lo Capo;Fredo Garibaldi
Riva presso Chieri;Lolita Boiardo
Sarteano;Orlando Sandi
Alseno;Milena Gigli
Cappella Maggiore;Allegra Combi
Mordano;Donatello Deledda
Pietramelara;Luciana Foscari
Ponte dell'Olio;Giorgia Detti
Pozzolo Formigaro;Bianca Ferragni
Isola del Gran Sasso d'Italia;Alfio Coppola
Pian Camuno;Beppe Fabrizi
Cortemaggiore;Ranieri Terragni
Acquasparta;Diana Cugia
Piancogno;Elena Comolli
Dorno;Melissa Ortolani
Santo Stefano di Camastra;Umberto Scaduto
Trivento;Augusto Mortati
Carvico;Raffaellino Gentilini
Castel d'Ario;Valeria Canetta
Chatillon;Etta Udinesi
Acquarica del Capo;Corrado Tamburello
Castiglione d'Adda;Eleanora Pizzetti
Pramaggiore;Livia Bellucci
Vertova;Goffredo Gatto
Mistretta;Simone Onio
San Giorgio della Richinvelda;Cirillo Curatoli
Rodano;Bruno Moresi
Padenghe sul Garda;Cecilia Cundari
Castell'Arquato;Alberto Mazzocchi
Brivio;Raffaello Guglielmi
Butera;Ciro Anichini
Cupramontana;Diana Raimondi
Villafranca Piemonte;Gastone Rosmini
Condove;Cesare Mimun
Barbarano Vicentino;Cipriano Soffici
Pizzoli;Laureano Collodi
Zocca;Alfredo Fittipaldi
Torano Castello;Orazio Ferrata
Piglio;Nicola Tuzzolino
Bricherasio;Fortunata Pizzetti
Gragnano Trebbiense;Panfilo Chiesa
Crevola d'Ossola;Armando Zoppetto
Firenzuola;Valerio Florio
Storo;Laureano Castiglione
Grantorto;Massimiliano Maffei
Saint-Vincent;Durante Pacetti
Santa Lucia del Mela;Roberto Avogadro
Calitri;Virgilio Luria
Mogliano;Roman Tomasetti
Minerbe;Armando Dulbecco
Villastellone;Donato Foa
Spezzano Grande;Lauretta Samele
Polverigi;Iolanda Alfieri
Edolo;Raffaella Scalfaro
Chiesina Uzzanese;Gilberto Magnani
Monterosi;Letizia Maffei
Sersale;Danilo Panicucci
Mozzanica;Fabio Foscari
Arcade;Pierluigi Oliboni
Torre Pellice;Amanda Piovani
Monsampolo del Tronto;Giampaolo Impastato
Varna;Nino Morellato
Vailate;Loredana Bianchi
Palaia;Mariano Moneta
Realmonte;Durante Sinisi
Predazzo;Domenico Gabrieli
Teglio;Edoardo Pellegrini
Carimate;Sonia Travaglio
Guardavalle;Renzo Antonini
Rombiolo;Rita Leonetti
Vignanello;Piero Parini
Druento;Silvestro Druso
Terricciola;Giulio Basadonna
Castellazzo Bormida;Gianfrancesco Mennea
Ploaghe;Oreste Casale
San Paolo;Angelica Brunelleschi
Castel di Iudica;Gastone Toscani
Santo Stefano Quisquina;Tullio Luzi
Crespano del Grappa;Paride Paruta
Castelraimondo;Baccio Tozzo
Grignasco;Gabriele Golino
Castel Guelfo di Bologna;Romolo Papafava
Sotto il Monte;Sante Jilani
Gropello Cairoli;Sabatino Filippelli
Peschici;Natalia Brunello
Cigliano;Ludovico Gianinazzi
Casina;Rodolfo Busoni
Ormelle;Carolina Navone
Borgorose;Galasso Faugno
Morgano;Maria Tremonti
Modigliana;Rosa Mezzetta
Bisacquino;Lando Canil
San Zenone al Lambro;Hugo Amaldi
Siculiana;Saverio Segre
Bogliasco;Fernanda Maglio
Solarolo;Fiorino Tomei
Ghilarza;Adelasia Botta
Torrenova;Gabriele Badoglio
Pedavena;Orlando Norbiato
Capri Leone;Ivan Tommaseo
San Pietro in Gu;Tonino Inzaghi
Toano;Ugo Fattori
Grosio;Emilio Ferraris
Carru;Renata Ossola
Briatico;Agostino Piccio
Carpineto Romano;Gianluigi Pellegrini
Latronico;Atenulf Biagiotti
Morano Calabro;Serafina Fabbri
Acqualagna;Cipriano Sismondi
Ischitella;Angelo Cibin
Calascibetta;Matteo Scamarcio
Supersano;Filippa Florio
Visciano;Ezio Renault
Terlano;Bartolomeo Armani
Comun Nuovo;Amadeo Medici
Canneto sull'Oglio;Emma Tarantini
Tresigallo;Rosario Dovara
Uggiano la Chiesa;Stefano Sonnino
Castelfrentano;Valeria Orengo
Altomonte;Livio Pisaroni
Scansano;Luca Rienzo
Tribano;Gino Barzini
Ameglia;Caterina Cappelli
Ronco Scrivia;Tiziana Cagnin
Montereale Valcellina;Luigi Lettiere
Usini;Cesare Argenti
Barberino di Val d'Elsa;Adamo Pertini
Bettona;Carla Gualtieri
Decimoputzu;Giuliana Barcaccia
Rapolla;Fernanda Crisafulli
Monastier di Treviso;Diana Cuomo
Capocasale;Agostino Baracca
Favignana;Tiziano Argurio
Poiana Maggiore;Annetta Scarpetta
Tarzo;Mirko Casagrande
Livorno Ferraris;Aria Crisafulli
Santa Croce di Magliano;Lidia Travia
Cannara;Gianpietro Borrani
San Quirino;Ruggero Bossi
Montecchia di Crosara;Diana Florio
Anguillara Veneta;Allegra Villadicani
Arcevia;Roman Pozzecco
Galzignano;Viridiana Trentin
Arcidosso;Ramona Petruzzi
Amaseno;Antonio Giulietti
Locate Varesino;Gastone Rubbia
Paglieta;Bettina Martucci
Ponte Lambro;Giuliana Nibali
Borghetto Lodigiano;Vincentio Donarelli
Sossano;Benvenuto Dellucci
Vestone;Melissa Cherubini
Gazzo;Daria Badoglio
Vigolzone;Eraldo Bernardi
Grisignano di Zocco;Mario Tosi
Loiano;Amleto Niggli
Roana;Gian Mondaini
Ossona;Giampiero Tiepolo
Bianco;Sandro Dibiasi
Malgrate;Salvi Foa
Cene;Federica Redi
Torretta;Donatella Camanni
Vezzano sul Crostolo;Antonello Vigliotti
Revello;Manuel Belletini
Sant'Antonio di Susa;Ornella Scarlatti
San Salvatore Monferrato;Paulina Pacillo
Marcheno;Ugolino Necci
Ariano nel Polesine;Gianluigi Saragat
Calvenzano;Osvaldo Gori
Bastiglia;Greca Bocelli
Ripatransone;Claudio Bocelli
Palau;Sabatino Toso
Tarvisio;Enzo Maffei
Castelforte;Mariana Salvini
San Gregorio Magno;Gioachino Cociarelli
Bova Marina;Maura Zanzi
Sant'Angelo de' Lombardi;Sebastiano Ferragamo
Torrevecchia Teatina;Imelda Interminelli
Sissa;Fortunata Modiano
San Benedetto Val di Sambro;Antonina Roccabonella
Appignano;Alberico Luciani
Bormio;Tatiana Barillaro
Torricella;Niccolo Polani
Piancastagnaio;Ruggiero Beccheria
San Calogero;Bianca Valguarnera
Carpiano;Ninetta Iannotti
Orgosolo;Napoleone Detti
Ussana;Armando Semitecolo
Olmedo;Coriolano Binaghi
Rovetta;Vincenzo Angeli
Canale Monterano;Riccardo Benedetti
Fossalta di Piave;Claudia Gussoni
Vertemate;Francesco Ciani
Bolognetta;Marcantonio Pisano
Sabbioneta;Matilda Chiappetta
Altavilla Irpina;Rocco Gravina
Francavilla in Sinni;Alberto Tuzzolino
Stanghella;Gaetano Piacentini
Solbiate Arno;Enrico Zecchini
Nusco;Tullio Toso
Berbenno di Valtellina;Benito Franzese
Santa Maria Nuova;Achille Olivetti
Gorgo al Monticano;Filippo Cusano
Pofi;Rosa Camilleri
Boffalora sopra Ticino;Ermanno Scotti
Fumane;Sylvia Pozzecco
Mazze;Benito Vasari
Montopoli in Sabina;Sonia Pace
Cursi;Oreste Crispi
Travedona;Giuliano Benussi
Casirate d'Adda;Ottone Endrizzi
Santa Sofia;Vittoria Leone
Mogoro;Ricciotti Raimondi
Garda;Pina Franceschi
Sondalo;Filippa Liverotti
Lallio;Chiara Pratesi
Sori;Ornella Bonaventura
Stigliano;Lodovico Procacci
Brembilla;Beatrice Biagiotti
Roccalumera;Annibale Parisi
San Pietro a Maida;Giacomo Trincavelli
Offlaga;Iolanda Sinisi
Moretta;Giada Pizzo
Castelmassa;Iolanda Cristoforetti
Carpino;Ilaria Sobrero
Moiano;Rosaria Casalodi
Limatola;Licia Bonanno
Tollo;Adriana Monicelli
Avio;Sante Pisano
Liscate;Cirillo Norbiato
Agordo;Ermanno Sagredo
Covo;Alberto Ritacca
Pomarico;Federigo Morabito
Casirile;Sole Rossi
Calangianus;Milena Luna
Sale;Germana Ceri
Sant'Eufemia d'Aspromonte;Lara Porcellato
Sirolo;Sonia Pacelli
Capalbio;Giacinto Poerio
Isorella;Serena Pignatti
San Salvatore Telesino;Ubaldo Saracino
Cavalese;Ludovico Ceravolo
Sant'Angelo in Vado;Annunziata Durante
Premariacco;Vittoria Salata
Pietragalla;Ramona Gagliano
Quarona;Pomponio Varano
Rolo;Amico Amaldi
Allumiere;Uberto Pascarella
Sogliano Cavour;Ruggero Traetta
Medole;Gloria Fermi
Pescina;Laura Bellocchio
Arnesano;Matteo Greggio
Ballabio;Gianpietro Vismara
Ripa Teatina;Marina Vanvitelli
Norma;Delfino Palmisano
Talmassons;Victoria Vento
Villar Perosa;Sole Geraci
Vasanello;Camilla Muratori
Capoliveri;Olga Veltroni
Sardara;Renzo Bernini
Saluggia;Giorgia Cattaneo
Cusano Mutri;Giuliana Villadicani
Lasa;Diana Catenazzi
Civezzano;Sophia Castelli
Collesano;Lamberto Casaleggio
Cappelle sul Tavo;Letizia Montecchi
Gibellina;Clelia Sinisi
Marsico Nuovo;Nina Innocenti
Sanguinetto;Dino Antonini
Buttrio;Riccardo Travaglio
Carpineti;Giampiero Ceci
Aiello del Sabato;Elmo Anastasi
Casazza;Orazio Tedesco
Bari Sardo;Antonietta Saffi
Cesiomaggiore;Paride Turci
Venetico;Oreste Borsiere
Fiesso Umbertiano;Fortunata Emanuelli
Castrocielo;Stella Lanfranchi
Lugagnano Val d'Arda;Virginia Dossetti
Vicovaro;Mauro Agostini
Piedimonte Etneo;Guido Praga
Occhieppo Inferiore;Pomponio Panzera
Brentonico;Rosaria Cilibrasi
Lattarico;Federico Battelli
Nuvolento;Ivan Giunti
Rosciano;Leone Staglieno
Bolsena;Ermanno Guidone
Sant'Omobono Imagna;Berenice Roth
Vescovato;Antonello Pezzali
Annone Veneto;Alphons Busoni
Vermezzo;Mercedes Bova
Palomonte;Ilaria Natta
Falerna;Berenice Gregori
Tertenia;Giorgia Romano
Caltavuturo;Biagio Micheletti
Saponara Villafranca;Fredo Roccabonella
Castrignano de' Greci;Toni Catenazzi
Piraino;Giuseppe Ziani
Moliterno;Piersanti Silvestri
Positano;Ferdinando Forza
Santo Stefano Belbo;Beatrice Nitti
Guiglia;Flora Cendron
San Genesio ed Uniti;Pomponio Trapanese
San Benedetto de' Marsi;Adamo Canetta
Polesella;Agostino Morpurgo
Arborea;Rodolfo Cutrufo
Sabbio Chiese;Mauro Durante
Mathi;Fabio Petrassi
Giano dell'Umbria;Gino Schiavo
Casalbuttano;Tatiana Gaggini
Fonni;Chiara Leblanc
Romagnano Sesia;Eraldo Gremese
San Lorenzo di Sebato;Greca Federico
Contigliano;Ruggiero Moccia
Scarlino;Ippazio Borrani
Paduli;Livia Gravina
San Martino di Venezze;Nadia Ricolfi
Orsago;Enzo Armellini
Serracapriola;Tonia Merisi
Cittiglio;Luciano Disdero
Tiriolo;Elisa Fagotto
Pratola Serra;Cristina Tolentino
Agnadello;Cipriano Benedetti
Pavone Canavese;Ottavio Branciforte
Trana;Pierina Cabibbo
Paderno d'Adda;Aria Ferrucci
Cessalto;Romolo Parpinel
Francavilla di Sicilia;Lorenzo Ferrari
Pernumia;Alessio Molesini
Cerreto Sannita;Vincentio Belletini
Casole d'Elsa;Pierpaolo Schicchi
Bagolino;Dante Donini
Budduso;Ronaldo Emanuelli
Casola di Napoli;Melina Papafava
Dovera;Rita Caetani
Plati;Ida Rizzo
Montemesola;Graziano Gentilini
Fagnano Castello;Rembrandt Guarneri
Battaglia Terme;Anita Bernardi
Ronca;Camillo Nolcini
Cavriana;Armando Pizzetti
Villa Lagarina;Ludovico Faranda
Orsogna;Nina Pagliaro
Oriolo Romano;Romeo Bettoni
Maletto;Michela Valier
Lograto;Costantino Mantegazza
Bisaccia;Evangelista Serlupi
Follina;Elena Turchi
Petacciato;Nedda Naccari
Manta;Elladio Maggioli
Scoppito;Tiziano Paltrinieri
Salizzole;Valentina Garzoni
Esperia;Angelo Piccinni
Mongrando;Giuseppe Borromeo
Aquaviva Picena;Milena Satta
Tromello;Pasqual Gaggini
Corchiano;Rosalia Andreozzi
Bienno;Fabia Carriera
Pieve di Cadore;Micheletto Morpurgo
Piobesi Torinese;Romina Gregorio
Sangano;Gianpaolo Fantozzi
Fara Vicentino;Sabatino Manacorda
Solopaca;Serafina Busoni
Pompiano;Virginia Guicciardini
Gaglianico;Fabio Ottino
Lestizza;Bettina Valguarnera
Castagnole Lanze;Gastone Sinisi
Serra de' Conti;Coluccio Mortati
Tuoro sul Trasimeno;Ennio Ostinelli
Castions di Strada;Filippo Toscanini
Sedegliano;Marcello Toscanini
Prignano sulla Secchia;Emma Morandini
Numana;Ronaldo Luria
San Giovanni a Piro;Nina Corcos
Oppido Lucano;Pellegrino Gigli
Canossa;Guarino Maccanelli
Verolavecchia;Ranieri Carpaccio
Civitella di Romagna;Zaira Crispi
Pitigliano;Lilla Vecoli
Carpignano Salentino;Paoletta Stucchi
Castagnaro;Amalia Mascagni
Grumolo delle Abbadesse;Giacobbe Alfieri
Bellagio;Giacobbe Einaudi
Colonnella;Annibale Pederiva
Saracena;Temistocle Bottigliero
Goro;Mirco Alboni
Massa Martana;Mirco Turchetta
Pontelongo;Raffaele Sgalambro
Porto Azzurro;Eleanora Querini
Oliveto Citra;Giacomo Cardano
Carasco;Annalisa Fusani
Caldonazzo;Marisa Sismondi
Gallicano;Liana Tomei
Taino;Alphons Casarin
Mondavio;Cecilia Fabbri
Parcines;Griselda Volta
Deliceto;Gabriele Rizzoli
Chiarano;Aurora Pertini
Cercemaggiore;Durante Gozzi
Villasimius;Clelia Dandolo
Romans d'Isonzo;Domenico Tommaseo
Dubino;Arnaldo Savorgnan
San Luca;Arturo Carullo
Vaiano Cremasco;Antonella Folliero
Miradolo Terme;Pierangelo Anguissola
Spotorno;Ermenegildo Mattarella
Cerreto d'Esi;Clelia Chigi
Ciminna;Pierluigi Chindamo
Colli del Tronto;Zaira Grasso
Masone;Fortunata Bottaro
Voghenza;Mirko Scotto
Magliano Sabina;Giacomo Giovine
Monghidoro;Tonia Gaito
Vidor;Dario Ritacca
Malcesine;Gianfrancesco Goldoni
Tufino;Ansaldo Bataglia
Spongano;Gaspare Golgi
Ricco del Golfo di Spezia;Dino Scialpi
Fauglia;Napoleone Raurica
Nizza di Sicilia;Isa Bonatti
Cattolica Eraclea;Donatella Lamborghini
Frigento;Danilo Galvani
Paderno Franciacorta;Benito Leoncavallo
Baldissero Torinese;Azeglio Giannetti
Villa Minozzo;Arsenio Donati
Scafa;Ivan Pirelli
Rodi Garganico;Ugo Tagliafierro
Rotondi;Gianpaolo Bonatti
Cavaglia;Gloria Ricolfi
Chiusa di Pesio;Pasqual Castelli
Squillace;Tullio Barracco
Sant'Oreste;Luchino Gradenigo
San Pietro in Guarano;Milena Rismondo
Bene Vagienna;Daniele Quasimodo
Nogarole Rocca;Baldassare Antonini
Montaione;Antonia Calbo
Faicchio;Simonetta Gianinazzi
Tione di Trento;Salvatore Errigo
Artogne;Zaira Casagrande
San Vito;Paride Guidone
Magliano de' Marsi;Antonella Panatta
Migliarino;Goffredo Padovano
Falciano Selice;Rosina Soderini
Lascari;Lucrezia Mengolo
Pradamano;Matilda Bruno
Bagnoli di Sopra;Temistocle Campanella
Molteno;Liliana Manzoni
Bagnoregio;Michele Trapanese
Mignanego;Griselda Toscani
Neviano degli Arduini;Lidia Petrucci
Limbadi;Stefano Calbo
Pontecurone;Martina Canil
Minervino di Lecce;Federigo Barracco
Baunei;Matilda Monaco
Airasca;Annalisa Platini
Borgofranco d'Ivrea;Simonetta Bellini
Bivona;Adriana Oscuro
Morro d'Oro;Emma Pertini
Pont-Saint-Martin;Emilio Platini
Diano d'Alba;Maurilio Gilardoni
San Fratello;Annunziata Bodoni
Montecalvo Irpino;Antonello Montessori
Colliano;Pierluigi Ajello
Bobbio;Michele Tebaldi
Asso;Griselda Anguillara
Montelupone;Allegra Filogamo
Piegaro;Alina Vespucci
Ghemme;Giorgia Marazzi
Pozzonovo;Lando Cutrufo
Amandola;Tonino Cundari
Bosco Chiesanuova;Luigi Pasolini
Albuzzano;Ottavio Santorio
Caltabellotta;Fredo Bergoglio
Massa Fiscaglia;Letizia Sandi
Pozzolengo;Napoleone Filippelli
Sergnano;Pompeo Moneta
Lucignano;Anita Valier
Gioia Sannitica;Marisa Zaccagnini
Ceregnano;Enrico Amato
San Leonardo in Passiria;Giulio Petrocelli
Brancaleone Superiore;Rosa Grassi
Villamassargia;Laura Gabbana
Portovenere;Carolina Montalcini
Ruoti;Fulvio Scandone
San Vito di Leguzzano;Matilda Pometta
Magliano in Toscana;Giampaolo Mercalli
San Pietro in Lama;Sergius Maderno
Gagliano Castelferrato;Nadia Paltrinieri
Aci Bonaccorsi;Sebastiano Gemito
Miggiano;Toni Salvemini
Alia;Alberico Fattori
Castelplanio;Rita Ceci
Monasterace;Armando Salvo
Pravisdomini;Donna Anguillara
Valledolmo;Lolita Dallape
Faggiano;Luca Pininfarina
Marano Marchesato;Calcedonio Stucchi
Badia;Beatrice Romiti
Narzole;Ida Giannotti
Tribiano;Angelo Polesel
Laterina;Marisa Turci
Ardesio;Alberto Pagliaro
Bagnario Arsa;Letizia Vasari
Tronzano Vercellese;Silvia Cristoforetti
Bressana Bottarone;Piergiuseppe Castiglione
Satriano;Ermenegildo Donati
Bovolenta;Silvia Frescobaldi
Mairano;Letizia Boaga
San Paolo Bel Sito;Jolanda Filzi
Alanno;Zaira Trebbi
Zapponeta;Graziella Pagliaro
Citerna;Adelasia Zito
Neive;Cassandra Viola
Beinette;Giacinto Nicolini
Endine Gaiano;Domenico Filippelli
Casal Fiumanese;Milo Montanariello
Casale Corte Cerro;Gemma Porzio
Loreo;Barbara Toso
Montefano;Nicolo Dallape
Pescaglia;Adamo Montanari
Piadena;Annunziata Sismondi
Balsorano Nuovo;Uberto Giannelli
Cengio;Gianfrancesco Canil
Altidona;Coluccio Fanucci
Collazzone;Pierpaolo Antonucci
Gesualdo;Ottavio Curci
Lauro;Fulvio Mazzi
San Demetrio Corone;Angelica Simeoni
Sassocorvaro;Rodolfo Filzi
Fornovo San Giovanni;Maria Tamborini
Ornavasso;Ernesto Curiel
Montalto Dora;Toni Guidotti
Caposele;Marina Comisso
Lusia;Carla Valmarana
Bosisio Parini;Costantino Argenti
Cimadolmo;Livio Grimani
Castione della Presolana;Giacinto Crisafulli
Castel di Casio;Tiziano Beccheria
Dosolo;Ronaldo Ligorio
Sarsina;Elladio Pulci
Castelliri;Serena Nordio
Sicignano degli Alburni;Umberto Cuomo
Torrecuso;Piergiuseppe Cesarotti
Valfabbrica;Bartolomeo Pietrangeli
Cianciana;Filippa Modiano
Roccamonfina;Adriano Bellini
San Felice del Benaco;Piersanti Sollima
Ripalta Cremasca;Marcella Morellato
Roncofreddo;Irma Sauli
Bonorva;Benvenuto Juvara
Santadi;Ricciotti Navarria
Remedello Sopra;Berenice Scarpa
Vallelunga Pratameno;Mercedes Aulenti
Forno Canavese;Marisa Ioppi
Dongo;Nadia Paoletti
Gressan;Berenice Regge
San Ginesio;Iolanda Prati
Monsano;Pasquale Andreotti
Carolei;Agostino Pavarotti
Costa di Mezzate;Marcantonio Fanucci
Roccabernarda;Tonia Trebbi
San Lorenzo del Vallo;Gino Borrani
Sale Marasino;Morena Malpighi
Ceppaloni;Liana Panzera
Oulx;Silvestro Babbo
Pontida;Vittoria Serraglio
Bedonia;Augusto Gradenigo
San Candido;Giampaolo Spallanzani
San Giusto Canavese;Bernardo Morandini
Viggiano;Fiorino Cainero
Dobbiaco;Milo Giacconi
Costigliole Saluzzo;Massimo Gentilini
Vernate;Rosario Sordi
Viano;Atenulf Druso
Polverara;Massimiliano Monti
Grottazzolina;Caterina Galeati
Contursi;Antonello Paganini
Falerone;Alessia Tornatore
Marene;Alphons Nicoletti
Vellezzo Bellini;Ermes Ceravolo
Maslianico;Lara Mazzi
Paterno;Mirko Buonauro
Millesimo;Nedda Bompiani
Biandronno;Melissa Missoni
Rocca Imperiale;Corrado Cugia
Montese;Giosue Manolesso
Delianuova;Adriano Baggio
Furci Siculo;Nico Pace
Sorano;Lidia Rusticucci
Vibonati;Bianca Perini
Vinchiaturo;Stella Rapisardi
Sperlonga;Costanzo Ferragamo
Ferrazzano;Valeria Speri
San Vito Romano;Federica Miniati
Villafrati;Dolores Niggli
Pont Canavese;Bernardo Villadicani
Aquileia;Donato Falloppio
Auronzo di Cadore;Ivan Smirnoff
San Marco dei Cavoti;Giovanni Zichichi
Ospedaletti;Fabrizia Cuzzocrea
Gimigliano;Filippo Fornaciari
San Giovanni Incarico;Danilo Bignardi
Narcao;Ricciotti Interiano
Foglianise;Annibale Cerquiglini
Blera;Concetta Papetti
Castellana Sicula;Gionata Filzi
Montefalcione;Pierina Zetticci
Miane;Augusto Correr
Scalenghe;Luigi Guglielmi
Gais;Temistocle Infantino
Caronia;Giovanna Golino
Casamarciano;Giuliano Badoer
Agna;Rocco Giacometti
Ardenno;Orazio Grifeo
Baiso;Griselda Palmisano
Oschiri;Calogero Pergolesi
Godiasco;Ludovica Giacometti
Bovino;Ottavio Foa
Delebio;Puccio Ariasso
Cogollo del Cengio;Lisa Ajello
San Lorenzo in Campo;Arnaldo Milanesi
Morolo;Raimondo Tartini
Corio;Gabriella Guarato
Morciano di Leuca;Luciano Tutino
Montemaggiore Belsito;Lucia Fagiani
Castel Ritaldi;Donatello Galeati
Petralia Soprana;Tiziano Nicoletti
Polizzi Generosa;Laura Capecchi
Borgo Tossignano;Letizia Bassi
Brebbia;Luigina Stein
Cinto Caomaggiore;Manuel Morandini
Camporeale;Melissa Pisano
Santa Marina;Rembrandt Gualandi
Cessaniti;Caterina Coppola
Valle Mosso;Osvaldo Filippelli
Sogliano al Rubicone;Melissa Mocenigo
Scerni;Annibale Romano
Bibbona;Santino Bajardi
Casnigo;Gastone Palazzo
Stienta;Alberto Zamorani
Sarnano;Gloria Borgia
Andorno Micca;Antonella Gregori
Mezzani;Agostino Segni
Abbadia Lariana;Ennio Mondadori
Gaggi;Lucia Scarfoglio
Saint-Pierre;Elvira Agazzi
San Biagio Platani;Matteo Finetti
Ro;Antonia Canil
Perosa Argentina;Giacinto Rastelli
Volturara Irpina;Gianni Briccialdi
Antegnate;Nicola Alfonsi
Bellano;Galasso Iacovelli
Coazze;Berenice Scaramucci
San Michele di Ganzaria;Letizia Canali
Manocalzati;Lidia Fantozzi
Castelnuovo Don Bosco;Ilaria Taliercio
Sesto ed Uniti;Liberto Zetticci
Varzi;Roberta Ritacca
Camposanto;Melissa Anastasi
Casalmaiocco;Irma Agnesi
Tolve;Gian Tamburello
Fonzaso;Giada Ligorio
Villagrande Strisaili;Annalisa Mazzeo
Malonno;Saverio Staglieno
Civitella Marittima;Virginia Zaccagnini
Ostra Vetere;Martina Gonzaga
Rocca d'Evandro;Guido Caruso
Marone;Mariano Scarlatti
Marano Principato;Vincenzo Guarato
Jerzu;Antonello Gullotta
Marliana;Leopoldo Vespa
Frosolone;Michela Bulzoni
Montecalvoli;Ronaldo Amato
Corno di Rosazzo;Raffaele Briccialdi
Valli del Pasubio;Venancio Gori
Moscufo;Luciano Dulbecco
Forano;Ippazio Giannini
San Gillio;Elena Cagnin
Rovito;Guglielmo Basso
Zinasco;Camilla Stefanelli
Civitella Roveto;Pierluigi Deledda
Bressanvido;Gianni Bulzoni
Decollatura;Mario Garobbio
Carlazzo;Giuliana Zarlino
Patrica;Mercedes Baresi
Folgaria;Fabrizia Giradello
Mignano Monte Lungo;Niccolo Mercati
Bardonecchia;Marissa Altera
Belfiore;Maria Roncalli
San Michele all'Adige;Mattia Trentin
Polcenigo;Nicolo Guicciardini
Arsiero;Baccio Anguissola
Marano di Valpolicella;Matteo Mercalli
Viguzzolo;Camillo Notarbartolo
Cantagallo;Pellegrino Ferrabosco
Serrara Fontana;Melissa Barcaccia
Scandriglia;Augusto Renault
Bagnoli Irpino;Roman Canali
Buonconvento;Luigina Muratori
Casella;Orazio Aporti
Balangero;Maria Baracca
Aldeno;Ermanno Viviani
Maleo;Benito Ceravolo
Garessio;Priscilla Iannelli
Castiglione di Sicilia;Olga Querini
Cerisano;Eugenia Salieri
Pergine Valdarno;Valentina Filippini
San Giorgio a Liri;Emilio Schiavo
Mazzano Romano;Beppe Cannizzaro
Maenza;Camilla Udinesi
Pieve Santo Stefano;Amanda Golgi
Sospirolo;Orlando Petrucci
Romanengo;Benvenuto Carfagna
Fontanarosa;Michelotto Riccardi
Cascia;Piersanti Calvo
Montorso Vicentino;Raimondo Treccani
Bosconero;Bruno Salvo
Menaggio;Ottavio Casadei
Serrastretta;Silvia Marini
Grotteria;Germana Goldstein
Ripalimosani;Elisa Maglio
Suvereto;Paoletta Pennetta
Raddusa;Ricciotti Vespa
Scandale;Giuseppina Papetti
Capizzi;Tullio Pellico
Rio di Pusteria;Dolores Cugia
San Leucio del Sannio;Venancio Iacobucci
Lozzo Atestino;Jolanda Ferrabosco
Pietrelcina;Sebastiano Barberini
Castel Focognano;Roberto Tutino
Pastrengo;Antonia Puglisi
Nanto;Claudio Mennea
Robassomero;Roberto Alboni
Monte Roberto;Melina Fornaciari
Sant'Onofrio;Pompeo Borzomi
Licodia Eubea;Ludovico Guarneri
Comunanza;Pasqual Inzaghi
Baone;Marissa Falier
Caprino Bergamasco;Ippazio Chinnici
San Maurizio d'Opaglio;Pierangelo Ricci
Villanterio;Orazio Nievo
Contrada;Simonetta Nievo
Saludecio;Lisa Lanfranchi
Marradi;Susanna Errani
Sarmede;Tullio Calbo
Sospiro;Donna Cossiga
Bernate Ticino;Ennio Granatelli
Castell'Umberto;Vittorio Columbo
Torino di Sangro;Bernardo Surian
Fogliano Redipuglia;Raffaella Lucciano
Volano;Gianpaolo Bocca
Serrone;Giada Borromini
Pattada;Martino Naccari
Villafranca d'Asti;Bernardo Sforza
Casalincontrada;Venancio Bramante
San Giorgio Morgeto;Diana Civaschi
Torre de' Passeri;Annunziata Curci
San Genesio Atesino;Milo Saraceno
Pinzolo;Camillo Govoni
Orgiano;Valerio Manunta
Prata di Principato Ultra;Paloma Foa
Torri del Benaco;Alessandra Letta
Sturno;Lina Ferrari
Soveria Mannelli;Ludovico Capuana
Crucoli;Barbara Rosiello
Tramutola;Santino Filogamo
San Pietro Viminario;Ezio Forza
Caselette;Giacinto Rastelli
Fluminimaggiore;Laura Majewski
Canepina;Virginia Piccinni
Sanfre;Venancio Bellini
Castronuovo di Sicilia;Benvenuto Gramsci
Samugheo;Marta Toninelli
Santa Cesarea Terme;Gianna Desio
Serle;Annunziata Montalcini
Africo;Renata Saracino
Longobucco;Ezio Conti
Osilo;Giulietta Guinizzelli
Campofranco;Mariano Ferrazzi
Caselle Lurani;Marcella Murri
Stia;Pompeo Verdi
Nissoria;Valeria Barcaccia
Sant'Angelo di Brolo;Vittoria Vivaldi
Villa di Tirano;Emilio Lussu
Posada;Ilaria Fittipaldi
Badolato;Serafina Tozzi
Gazoldo degli Ippoliti;Luigi Tommaseo
Roccabianca;Paulina Fabbri
Fregona;Telemaco Sanguineti
Moncalvo;Milo Brambilla
Pietravairano;Biagio Moneta
Diso;Sophia Saragat
Giarratana;Lidia Frescobaldi
Castiglione Cosentino;Raffaello Sgarbi
Lentiai;Maria Lettiere
Misano di Gera d'Adda;Angelina Pugliese
Mormanno;Antonella Tonisto
Cassine;Manuel Castioni
Monterosso Almo;Ivo Catalano
San Giorgio la Molara;Ennio Ovadia
Prata Camportaccio;Fiamma Guglielmi
Montevago;Vincenzo Modigliani
Pollina;Sonia Bignardi
Verbicaro;Giancarlo Pellegrini
Fanano;Susanna Druso
Fiumefreddo Bruzio;Serena Mercati
Flumeri;Bartolomeo Moresi
Porto Ceresio;Irma Villadicani
Tesero;Luchino Bruno
Viggianello;Sabatino Magnani
Pralboino;Amleto Asmundo
Spigno Saturnia;Pasqual Abate
Thiesi;Zaira Rosselli
Rovagnate;Dionigi Vigorelli
Dugenta;Domenico Virgilio
Ostiano;Daria Marinetti
San Fele;Dina Toninelli
Vitulano;Paride Tanzini
San Polo dei Cavalieri;Mariana Fantini
Sant'Agata sul Santerno;Paride Lollobrigida
Meduna di Livenza;Ferdinando Silvestri
Castrofilippo;Zaira Ferrante
Villafalletto;Marcantonio Nonis
Cassacco;Sylvia Villadicani
Velturno;Giorgio Mozart
Fontana Liri;Angelica Loredan
Roncegno;Hugo Gelli
Comerio;Umberto Boccioni
Castri di Lecce;Matteo Guinizzelli
Amendolara;Raffaella Cannizzaro
Ruda;Silvio Morgagni
Acquanegra sul Chiese;Annamaria Scandone
Cerrione;Adriana Nonis
Palazzolo dello Stella;Eva Barzini
Filiano;Beatrice Gagliardi
Lettomanoppello;Raffaellino Monteverdi
Campo Ligure;Rosa Civaschi
San Leo;Claudia Beffa
Valentano;Piersanti Belletini
Gemonio;Ignazio Golgi
Riva Ligure;Luigi Jovinelli
Mezzojuso;Cipriano Gasperi
Castel Viscardo;Manuel Bajamonti
Montemaggiore al Metauro;Fabrizio Sibilia
Artegna;Caterina Montanari
Faedis;Michelotto Doria
Trescore Cremasco;Adriana Argan
Francavilla Marittima;Allegra Mennea
Alessandria della Rocca;Fabia Ossola
Briga Novarese;Leonardo Comisso
Osoppo;Mercedes Offredi
Gargnano;Silvio Pepe
Sirignano;Tonino Travaglio
Ragogna;Adriano Piovani
Borghi;Liana Contarini
Grandate;Morena Nicolini
Castellina in Chianti;Gianpietro Capuana
Airuno;Gianfrancesco Agnesi
Madignano;Donato Desio
Sarmato;Tatiana Contrafatto
Torpe;Enzo Prodi
Terzo d'Aquileia;Benito Niscoromni
Ordona;Marco Luzi
Crecchio;Ludovico Parmitano
Bellegra;Paride Marrone
Tiggiano;Nicolo Bombieri
Monte di Malo;Licia Martinelli
Chienes;Rosa Aporti
Iolanda di Savoia;Orlando Pausini
Turriaco;Simonetta Zetticci
Santa Vittoria d'Alba;Rolando Barozzi
Letoianni;Nicolo Galuppi
Torviscosa;Leopoldo Cuda
Fabro;Lucio Chinnici
Uras;Aldo Fracci
Celico;Gioele Filzi
Tusa;Lidia Gori
San Piero Patti;Mariana Moschino
Gallese;Fortunata Finetti
Guarno;Bettina Iacovelli
Castelnuovo Cilento;Paola Angeli
Vercurago;Donatello Gianinazzi
Pedaso;Marcella Sauli
Moriago della Battaglia;Pasquale Iannuzzi
Sant'Arsenio;Patrizio Pasolini
Sciara;Ruggero Niggli
Lamon;Elvira Pausini
Monteviale;Matilda Florio
Saletto;Annibale Correr
Montemarano;Geronimo Bonatti
Bitti;Biagio Boaga
Bronzolo;Goffredo Cesaroni
Moneglia;Eugenia Smirnoff
Sommariva Perno;Federigo Ferrara
Scurcola Marsicana;Fabia Anastasi
Gruaro;Claudio Guicciardini
Suno;Alfredo Fogazzaro
Morsano al Tagliamento;Paulina Oscuro
Bonifati;Sonia Armellini
Vietri di Potenza;Mario Brenna
Burcei;Lidia Casalodi
Acquasanta Terme;Alessio Agostinelli
Carlino;Ornella Detti
Candela;Torquato Maspero
Traona;Adelasia Campise
Petriano;Marta Gussoni
La Morra;Evangelista Sibilia
Pozzoleone;Silvio Bartoli
Courmayeur;Rosaria Endrizzi
Cividate Camuno;Eliana Ginese
Falcone;Emilio Jacuzzi
Pennabilli;Vincenzo Scamarcio
San Pier Niceto;Fabia Sabbatini
Orsenigo;Lucio Bruno
Raiano;Donatella Donati
Mandatoriccio;Eraldo Monte
Piasco;Giuseppe Nicolini
Chiusa Sclafani;Adriana Onio
Pavone del Mella;Massimiliano Navarria
Biccari;Marco Leone
Bettola;Ciro Nonis
Gaiole in Chianti;Victoria Vattimo
Trevenzuolo;Stefani Casadei
Montecalvo in Foglia;Sante Collina
Berlingo;Sandra Antonacci
Amorosi;Simonetta Farina
Berchidda;Claudio Lombardo
Botrugno;Costanzo Moschino
Lessona;Tonia Lombardi
Salandra;Carmelo Monicelli
Serra San Quirico;Fiorenzo Callegari
Arrone;Ronaldo Carfagna
Fossato di Vico;Francesco Satriani
Sant'Anna Arresi;Rocco Bresciani
Castignano;Tonino Vespucci
Cordovado;Jolanda Muti
Zandobbio;Ramona Giorgetti
Mammola;Baldassare Gianvecchio
Rivello;Ivan Babbo
Petralia Sottana;Iolanda Tremonti
Golasecca;Romina Panzera
Barile;Calogero Montalcini
Occhieppo Superiore;Annamaria Lombardo
Valle di Maddaloni;Lolita Aulenti
Varmo;Francesca Tirabassi
Paesana;Nico Traetta
Monforte San Giorgio;Bartolomeo Nibali
Pabillonis;Pina Gelli
Formignana;Aldo Ruberto
Acerno;Maria Bianchini
Seminara;Ezio Curci
Nimis;Victoria Galuppi
Trecenta;Emilio Dossi
Marlengo;Raimondo Mancini
Bornasco;Irma Sabbatini
Castell'Alfero;Piero Lamborghini
Mele;Etta Renault
Lama Mocogno;Ronaldo Borzomi
Nulvi;Lucia Zaguri
Gissi;Loretta Jovinelli
Orsara di Puglia;Renata Agazzi
Villanova d'Albenga;Nicoletta Porzio
Bargagli;Claudio Carocci
Casaloldo;Alessandro Milanesi
Bereguardo;Flavia Mercati
Poggio Imperiale;Simonetta Civaschi
Brembio;Calogero Mastroianni
Canaro;Michela Foconi
Rossiglione;Flora Soffici
Gussola;Giulia Toninelli
Noli;Pasquale Torlonia
Abbasanta;Luciano Mercalli
Montesano Salentino;Temistocle Venturi
Baschi;Giorgia Novaro
Montecorice;Agnolo Rismondo
Santa Maria la Fossa;Barbara Petruzzi
Guasila;Elladio Turrini
Fiano;Arsenio Cesarotti
Cetona;Ludovica Cassara
Porto Ercole;Raimondo Gagliano
Caggiano;Loredana Praga
Laion;Flora Serlupi
Serdiana;Elladio Sollima
Pietra Montecorvino;Sebastiano Petruzzi
San Mango Piemonte;Ruggero Zabarella
Pieve Porto Morone;Nicola Magrassi
San Fili;Michelangelo Leone
Apollosa;Amanda Zoppetti
Castel San Niccolo;Aurora Calarco
Sandigliano;Costantino Bulzoni
Toirano;Marcello Bettoni
Casalvieri;Fiamma Costalonga
Guardamiglio;Luigi Andreozzi
Vicari;Bernardo Zampa
Besenello;Licia Murri
Villamar;Veronica Cignaroli
Vallata;Vittorio Fantini
Romano Canavese;Raimondo Roccabonella
San Cono;Ugolino Verdone
Cantalice;Pierpaolo Rienzo
Campodoro;Rosa Gravina
Castelvenere;Marcella Finotto
Alice Castello;Temistocle Collina
Ururi;Osvaldo Zacchia
Grotte di Castro;Ciro Monte
Sgurgola;Simonetta Mancini
Fontaneto d'Agogna;Cirillo Ficino
Poggio Moiano;Isabella Tamburini
Genola;Durante Sismondi
Alvito;Marina Offredi
Cuglieri;Ciro Piazzi
Roccavione;Alfio Costalonga
San Quirico d'Orcia;Cirillo Trotta
Merlara;Coriolano Balbo
Sinagra;Milena Bonino
Verres;Federigo Marangoni
Gavoi;Michelangelo Manzoni
Tocco da Casauria;Gianfrancesco Interminei
Moena;Pellegrino Granatelli
Cison di Valmarino;Livio Tomaselli
San Colombano Certenoli;Ivan Gaggini
Solferino;Uberto Florio
Gardone Riviera;Augusto Mondadori
San Nicolo d'Arcidano;Ida Gotti
Burgio;Bartolomeo Pezzali
Schiavon;Annamaria Errigo
Pisciotta;Ettore Dandolo
Casabona;Ranieri Cerutti
Dervio;Giampaolo Ioppi
Castel Sant'Elia;Dante Villarosa
Varano de' Melegari;Fiorino Tolentino
San Gregorio d'Ippona;Maria Cagnotto
Badia Calavena;Gianna Petralli
Aglie;Umberto Gaggini
Torricella Sicura;Gelsomina Marzorati
Selva;Sonia Mantegna
Pianopoli;Sabatino Comolli
Baranello;Alessandra Comisso
Fratta Polesine;Beppe Giorgetti
Baragiano;Ettore Leonetti
Trenta;Mario Magnani
Caravate;Arnulfo Sibilia
Gravedona;Adamo Vittadello
Ceresara;Fabio Letta
Rivara;Giancarlo Rapisardi
Mereto di Tomba;Benedetto Taliercio
Villa Santa Lucia;Ida Cuomo
Casola Valsenio;Antonio Dovara
Gerace;Calcedonio Federico
Rotondella;Dario Faugno
Ausonia;Giacobbe Inzaghi
Vallerano;Raffaellino Comeriato
Villaspeciosa;Elisa Rapisardi
Lurago Marinone;Rossana Solari
Besano;Mirko Cicala
Vignolo;Filippa Ungaretti
Ternate;Alessandra Boitani
Lusiana;Mariana Stoppani
Valfurva;Cristina Mondadori
Bolotana;Ida Missoni
Porpetto;Annunziata Roth
Urbisaglia;Natalia Tassoni
Pozzomaggiore;Dina Toscanini
Dolce;Francesca Monaco
Vallecorsa;Natalia Renault
Ponte;Antonina Gualtieri
Stilo;Romeo Martucci
San Gervasio Bresciano;Donna Parmitano
Budoia;Cristina Pascarella
San Vittore del Lazio;Michela Galeati
San Giorgio Canavese;Marisa Stefanelli
Vestenanuova;Susanna Micheletti
Petrona;Gelsomina Lovato
Sanza;Calogero Borromeo
Santa Fiora;Gastone Sagnelli
Casole Bruzio;Giampaolo Tartaglia
Benestare;Pierluigi Bramante
San Lorenzo;Niccolo Michelangeli
Moricone;Camilla Notarbartolo
Poggio Nativo;Zaira Pedersoli
Costa di Rovigo;Gianpietro Luxardo
Paularo;Carolina Bresciani
Buonabitacolo;Cecilia Basso
Rivarolo Mantovano;Dario Tutino
Camerata Picena;Teresa Serraglio
Chiuro;Filippa Gianvecchio
Pieve Vergonte;Annunziata Badoer
Pellestrina;Annalisa Guicciardini
Pignataro Interamna;Adelmo Asmundo
Caltignaga;Arturo Luxardo
Cinigiano;Pier Zanichelli
Pressana;Ennio Ferraris
Sant'Anna d'Alfaedo;Giosue Toselli
Lago;Maurilio Moresi
Chiuppano;Dino Ceravolo
Santa Sofia d'Epiro;Antonietta Tuzzolino
Luras;Maurilio Faranda
Ziano Piacentino;Napoleone Cammarata
Nuraminis;Nina Bajardi
Bergantino;Simonetta Goldoni
Mamoiada;Orazio Cristoforetti
Corleto Perticara;Piergiuseppe Tirabassi
Corbara;Anita Meucci
Donnaz;Gabriella Peranda
Caltrano;Eraldo Carosone
Galati Mamertino;Ivo Taliercio
Campodipietra;Eraldo Porzio
Molochio;Aurora Sonnino
Galeata;Azeglio Schicchi
Santo Stefano di Cadore;Micheletto Montanelli
Momo;Antonella Argurio
Avigliano;Sylvia Trebbi
Carpignano Sesia;Angelo Morlacchi
Lungro;Ornella Bellucci
Sant'Elena;Gaetano Cignaroli
Montallegro;Dario Forza
Amatrice;Ranieri Sordi
Moruzzo;Maurizio Cuomo
Muzzana del Turgnano;Paola Pausini
Montodine;Veronica Argan
Antrodoco;Maria Gaito
Pieve Ligure;Aria Caccianemico
Cellino Attanasio;Coluccio Galiazzo
San Vero Milis;Ricciotti Montanelli
San Michele di Serino;Silvia Castioni
Portocannone;Diana Liguori
Sestola;Carmelo Pepe
Ravello;Fedele Bettin
Meina;Gino Turchi
Pieve Fosciana;Guarino Aldobrandi
Chiesa in Valmalenco;Luca Merisi
Berzo Inferiore;Paola Tassoni
Pocenia;Daria Tron
Monteodorisio;Ronaldo Biagi
Regia Dogana;Donatello Lucchesi
Capo di Ponte;Dino Micheletti
Sant'Eusanio del Sangro;Romeo Ginesio
Cicagna;Alessia Ferretti
Tollegno;Ansaldo Ceschi
Revere;Vito Dibiasi
Rive d'Arcano;Virginia Tutino
