Istanbul;HUZUR ELITOK
Ankara;NURHAT KIYICI
Izmir;SATUK AYKIN
Bursa;SUBAY CAGIRAN
Antalya;YAKUT GOKBAYRAK
Konya;ZULKANI KUTLUK
Adana;ACLAN DEMIRDOVEN
Gaziantep;AFACAN ONDES
Sanliurfa;ATANER CALHAN
Mersin;BUNYEMIN UMUR
Diyarbakir;ERCE YESILOGLU
Kayseri;FERZENDER CARIKCI
Samsun;H.AHMET CEKIM
Tekirdag;HAYATTIN ERKIN
Denizli;MEDIN IMRAK
Eskisehir;MIHRAN AKTEN
Trabzon;MUHTESIN SEYYAR
Erzurum;MUSBAH IMAL
Malatya;NECMEDIN NARMAN
Batman;RESLAN URGANCI
Kahramanmaras;RUHSEN KUTLAY
Elazig;SEHZAT BADEMCI
Hatay;SERKIZ GELDI
Sivas;TANRIVERDI SABAH
Kocaeli;TAYIR UZMAN
Van;YURT ATUG
Tarsus;ZIYEDDIN BALAMAN
Balikesir;BEGO PARMAK
Alanya;CAFERI SAKIR
Adiyaman;DINCAY SARSILMAZ
Afyonkarahisar;FERHAD SUNAY
Iskenderun;FURGAN TEKELIOGLU
Aksaray;GURAN EVCIMEN
Corum;HASPI ISCEN
Inegol;HEVAL HEZER
Kutahya;HUSSAM DUZEL
Osmaniye;IDIRIZ DEMIRDOGEN
Corlu;MESSUT HELVACIOGLU
Sakarya;ORHANGAZI ACU
Isparta;SAFFAT KOCAMAZ
Kiziltepe;SAMMAZ KAFA
Usak;SEREFEDDIN CANDAS
Manisa;SEYYAT DIKILITAS
Duzce;SUALP DISBUDAK
Nigde;SUBHAN KEMIK
Bolu;TANAY TUGAY
Tokat;VECHEDDIN VURMAZ
Kirikkale;YASADDIN MACAR
Viransehir;ABDULGAFFUR ALPHAN
Karaman;APTULKADIR ATCEKEN
Mus;ERTUL NAZ
Aydin;FAMI OZTAN
Canakkale;GAZENFER SENGONUL
Edirne;KALI KELEBEK
Torbali;KEREP YARAS
Eregli;OZKUL YUMLU
Menemen;SABANALI ALMALI
Siirt;TATLI CANATAN
Korfez;TUGFAN HUNER
Turgutlu;ANT ERDUR
Golcuk;APDULKADIR MIHCI
Salihli;GADIR TAHMAZ
Bingol;HAGOP ABLAY
Fethiye;HAZMI GURES
Talas;ISTEMIHAN KUTBAY
Erzincan;KAFAR BURSA
Zonguldak;MUAMMET ILBAS
Nazilli;NECBETTIN ADAM
Ordu;RAHMET AHMETOGLU
Bartin;ROHAT AYMAZ
Bandirma;TARZAN KUCUR
Kirsehir;TORAMAN SAZ
Agri;UGURLU DAVRAN
Amasya;YENEL DELIKANLI
Kastamonu;ZIYAADDIN GUZELOGLU
Luleburgaz;ABDUS SIPAHIOGLU
Eregli;AREFE EFENDIOGLU
Yalova;BASIR IBRAHIMOGLU
Nevsehir;BAZIT INEL
Cizre;BENGI OZVEREN
Nizip;COSKU HALLAC
Rize;EBAMUSLUM SENGEZER
Igdir;EMEL AKARCAY
Giresun;FEDA GOKCEOGLU
Odemis;HECER TUZER
Karabuk;KUTBEDIN ISEN
Kozan;MIRBAHATTIN YAREN
Cayirova;MUCAHITTIN BULMUS
Unye;MUHAMBER ERK
Polatli;NEDAI NALCI
Kadirli;NEJLET TAK
Patnos;RAKIM AKKANAT
Dogubayazit;SENGUN KURTAR
Samandag;TUREL CACA
Kapakli;USAMETTIN KAYTAN
Kilis;UVEYS CULCU
Kusadasi;ZUFTU DARCAN
Akcakale;ARSEN KORKUTAN
Burdur;ASALETTIN INANLI
Kars;BAHSI KARAKULLUKCU
Soma;CENGAVER OZDINC
Kemalpasa;CETINKAYA BILECEN
Nusaybin;GUNEL KUBILAY
Yozgat;HATIM SALCAN
Bergama;KAYACAN BUGA
Kirklareli;KAYALI BULUR
Reyhanli;MERGUP DISCI
Bafra;NAZI YESILYAPRAK
Cankiri;NIHAL SAKAL
Aliaga;OLCAN GODEK
Marmaris;PEVRIL OZSAN
Menderes;SEMSIDDIN OZTURKMEN
Sirnak;SERAY BALKIR
Ceylanpinar;SERDEN KADAK
Mardin;SUCA ORTAK
Tire;VADI SADE
Bilecik;YANI TABUR
Hakkari;ABDULSEMED BASMACI
Soke;ABO CAGIN
Cinar;BEHTI UZUNLAR
Tatvan;CAIT TATAROGLU
Bitlis;ERGUT USLUER
Islahiye;GULMEMET CAYIRLI
Bayburt;HOKKES CIGER
Urla;HUNER KABACA
Bucak;HUSAMITTIN HAMAMCI
Sinop;KUDURET AKCAKOCA
Caldiran;M.RESIT BERTAN
Mut;MAHSUT KAYADELEN
Derik;MECDI MECIT
Uzunkopru;MEMO SENDUR
Bor;MESIM YUCEKAYA
Kas;ORDU BASTAS
Gumushane;PASO BEDER
Mugla;PIRALI DONERTAS
Hassa;SERGULEN KATILMIS
Kulu;SEVDAKAR YILDIR
Kozlu;SIAHMET FAZLIOGLU
Beypazari;SIYAMET OCAKCI
Finike;ULFETTIN SAMSA
Haymana;VADET URAN
Yatagan;ZAMANHAN KAYIM
Seferhisar;ZUHEYR SALGIN
Dikili;BAPIR KASKA
Of;BIRET COK
Cesme;BIRSEL DOGRAMACI
Kemer;CEVIK ORUCOGLU
Ardahan;DUNYA IGDE
Yakacik;EYYUBI ORBAY
Erzin;FERDAN TOROS
Bayindir;GORAL OZCICEK
Tunceli;HACET SOFU
Emirdag;HAYRAN TOMAK
Selcuk;HULAGU ALCICEK
Gurpinar;LOMAN MINAZ
Yayladagi;MUKBIL OZYILDIZ
Kilimli;MUSAP MISIRLIOGLU
Artvin;MUTAHHAR MIDILLI
Ayvacik;MUZELLEF LEBLEBICI
Belen;OZGENC BAGATUR
Sarikaya;PULAT ASI
Kinik;RIZKULLAH AYGOREN
Nallihan;ROBER BICAN
Havran;SABRULLAH KAYRAK
Ipsala;SALEH CIBIR
Pinarbasi;SEHIT BARMAN
Macka;SELAADDIN CORDUK
Lice;SEMAHATTIN AGTAS
Marmara Ereglisi;TIMURHAN ALTURK
Haskoy;TOGAN TOMBAK
Ayancik;YALKIN YURTCU
Gokcebey;YAYLA SERAN
Yenice;ZUHURI DUYGUN
Arhavi;AFET NAYMAN
Toprakkale;BERKCAN EMEC
Findikli;BEYNABI LIMON
Bayat;BEYSAFA YUCETURK
Divrigi;CELATTIN DOYMAZ
Sultandagi;CEVDAT KAHRAMANOGLU
Cicekdagi;ERGANI OCAKLI
Pazar;ERSU TUTER
Eynesil;HALET ESMERAY
Ulubey;HULIS AKLAN
Beydag;KAHAN ELVAN
Ardanuc;KUNTER MANAY
Erfelek;MEYDIN GUVENIR
Cungus;MIRAN KAYAS
Aydincik;MURTAZ MUSAOGLU
Akyaka;SARVEN UNEY
Sultanhani;SERTEL EYIGUN
Karkamis;SUAIP TARCAN
Eceabat;TORE BEYAZGUL
Ovacik;UBEYD KURUN
Yeniceoba;YERVANT SANCAKTAR
Suleymanli;ZENNUR YALCINDAG
Mahmutbey;ZILFO KUVVET
Kucukcekmece;ZORBEY YUMURTACI
Kartal;ZULGANI TOKUS
Buca;CEMALETDIN KESKINOGLU
Konak;CUMAN CINKAYA
Etimesgut;EMIL ATASAYAR
Samandira;HIVZULLAH YIGEN
Kecioren;IDO AKKIN
Pursaklar;MISAK KADI
Cankaya;NECADDIN GUNDES
Altindag;NURAYDIN OR
Karsiyaka;NURICAN BOCEK
Melikgazi;SENIZ ICEL
Gaziemir;TARUK KARAHASANOGLU
Sariyer;TURUL CEVIZCI
Pendik;YANKI KABIL
Kemerburgaz;ABDU YESILBAG
Mamak;ARABI YUKSEKDAG
Bornova;AVAT CEBECIOGLU
Caglayan;BEYAZ KOKCE
Kazanli;BILALI OZCINAR
Sincan;DANIYEL TAC
Burc;DAVER AKBURAK
Yenimahalle;DIYATTIN AKYURT
Yenice;GURMAN EFEOGLU
Seyhan;HADIS ADAY
Adalar;KILICASLAN BECERIKLI
Buyukcekmece;MELIHSAH BOSTANCIOGLU
Yumurtalik;MUHIYETTIN KIZILCA
Hadimkoy;MURAZ OGRAS
Beykoz;MURVET SEYFI
Mahmut Sevket Pasa;NAMETULLAH TOGAY
Yolboyu;NIHAYET IZMIR
Kayapinar;NURBAKI KAVUN
Baglar;OZ KIRLANGIC
Yenisehir;SAYDAN KOSKA
Darica;SEYIDHAN CAGMAN
Degirmendere;SIAR SEVINDI
Yildirim;SUNDAY OZDIN
Erenler;TASDEMIR BIRKAN
Kazimpasa;UBEYDE ULUKAN
Serdivan;VECHI BOL
Sur;VERDI HASGUL
Derince;BORAY GOKBEL
Tillo;CAGHAN KUSDEMIR
Kabaduz;CEREN SAAT
Uzunisa;CUMHURIYET YALCINTAS
Arsuz;DIBO MIRZA
Gundogdu;KIYAM NEHIR
Akmese;KUDDIS ORUK
Keskin;LUT FICICI
Serinyol;MENSURI KESKINKILIC
Harbiye;MUHUDDIN KIVILCIM
Hidirbey;NAHIL ORTAKCI
Senkoy;NUKRETTIN ORUCU
Nilufer;NURSIN SATIK
Cali;OZBEN TEKINALP
Demirtas;PEKER CUKADAR
Gorukle;REGAYIP GULDAS
Osmangazi;RESAD DICLE
Gebze;SERKUT HALIS
Mollafeneri;ABITTER URTEKIN
Sahinbey;AHYA CALIKUSU
Sehitkamil;AKTUG DOGAR
Kaypak;ALAYITTIN AYVACI
Yarpuz;BASIRI AKTEMUR
Colakli;BEDIRETTIN ASIKOGLU
Kilic;CANBOLAT BALYEMEZ
Derecik;CEBRI TULUK
Buyukderbent;ELBEY UTLU
Davutlar;FETIN BORUCU
Umurlu;GABRIEL TEKMEN
Karacay;GARO ATABEK
Ciftlikkoy;GULBEYI DEMIRORS
Hereke;HEVES KAYIRAN
Cerkezkoy;IBAT SUME
Karaoglanli;MUAFFAK TAHTALI
Ucpinar;REFA SALKIM
Muradiye;SADIR YUKSELEN
Osmancali;TULGAY AKKOL
Bahcecik;UMMAN BUKE
Alapli;YUMNU GUDEK
Beycuma;ZORBA OZTEL
Cayirkent;ABDURRAKIP GULAL
Asagipinarbasi;ABUSEYF CAG
Selcuklu;ADAM CAYIROGLU
Sille;ARIN NART
Beyazkoy;CANO GOLGE
Catalpinar;EBRAR KATRANCI
Persembe;ERKMEN NARLI
Caycuma;GASSAN BAYTOK
Gemlik;GIYASI CARBOGA
Bolaman;HAYIR COMART
Fatsa;HAYRIDDIN ARABACIOGLU
Gozne;ILBEGI SANVER
Arslankoy;ILKCAN PEKMEZ
Mezitli;KAFER DEMIRKAPI
Kuzucubelen;KAKIL ALPAK
Filyos;LAHDO ERTOP
Dortyol;LIYATTIN SATAN
Timar;MICHAEL MUTAF
Ercek;MIRO TEMELLI
Akcaabat;NEJDI OZDEK
Pazar;SATIMEHMET SINANOGLU
Oguz;SELAETTIN KIYAR
Aksakal;SIHI SABIR
Edincik;VAKUR TORUNOGLU
Derepazari;YASANUR ERTUGRAL
Arifiye;YUDA KABAOGLU
Sapanca;AGCA MENDERES
Konakpinar;APTIL HAKVERDI
Ertugrul;AYKURT GULBAY
Yenikoy;BUHARI EZGIN
Samli;FERDAG OMAY
Omerli;FERDIN ELDEM
Silivri;FUHAT ALPSOY
Sinekli;GULEMIR KAVCI
Sogutpinar;GULKAN TURKSEVER
Zeytinbagi;HAYATIN OT
Mudanya;HURDOGAN KAMALAK
Himmetdede;KUDRETTIN OSKAN
Gesi;M.KEMAL TANRISEVER
Kocasinan;MEFA ETI
Gunesli;MUKIM HORZUM
Erkilet;NURDAN KUMCU
Dagkizilca;NURZAT YOZGAT
Carsibasi;SELAMEDDIN AZAR
Silopi;ZENNUN TURKDOGAN
Tahtakopru;BESRI VERIM
Camlidere;ELHAN CAK
Payamli;ELI TEKEREK
Yardimci;ISPIR KIRAZLI
Kabahaydar;ISTEPAN OZCAM
Karakopru;MESHUT SIRKECI
Akkoy;MUGDET VARISLI
Didim;NUSHET ACARTURK
Turgutreis;RESID GULTAS
Karaova;SAVRAN ULUSAL
Ortyakent Yahsi;SEBAT ZAMBAK
Bodrum;SUHAYIP KIL
Yenifoca;SUNAR SAYDAN
Foca;YASATTIN KAZ
Orhangazi;ZENUN KURTCU
Yakakent;ATAC DEREBASI
Iyidere;AYGEN CULLU
Tekkiraz;BATTALGAZI KARAAHMETOGLU
Dikbiyik;DEMIRSAH BATUK
Carsamba;EBUZEYIT CIZMECI
Ormanli;ELYASA OKTAN
Mollakendi;FAYSEL DINCSOY
Harput;FERAC ILKBAHAR
Icme;HALIK SINIK
Hidirbaba;HALILULLAH AKOL
Hankendi;HAYRUL OZUN
Poyraz;MALIKI AHI
Hatunsaray;MAYIR HAFIZOGLU
Meram;OZDER KARACELIK
Hatip;SERIFALI KARANLIK
Kiziloren;SIBLI BAKAC
Besikduzu;SUVAR KIRBOGA
Kuyucak;TAYYIB KUTSAL
Gure;TULAY YELKENCI
Yenicekale;VAHAN YILDIRIMER
Sirpsindigi;VELIDDIN CAVLAK
Karakasim;AKSOY GOZTEPE
Espiye;BATAL ELIACIK
Emiralem;CELADDIN KONAKCI
Cakirlar;ELAADDIN SARIAYDIN
Turkoglu;ESBENDER BERKER
Sambayat;GAMBER OZBOLAT
Bagpinar;HALITTIN SISIK
Kuyucak;KALO CAKMAKLI
Akpinar;KURTUL HAMZA
Kocali;MEHMETSIDDIK OZSU
Hekimdag;METINER COKER
Burhaniye;MILAYIM DENK
Ortaca;MIR OSMA
Incirliova;MUDAHIR ALMAS
Yesilyurt;RESET BEZGIN
Ikizce;SABATTIN CESMECI
Ayvalik;SAGIP AKBEY
Altinova;SARAFETTIN BAKACAK
Palandoken;SUUD TINMAZ
Kazimkarabekir;TARCAN YOLAL
Dadaskoy;TEYAR BELER
Yakutiye;ULUG AVAR
Dumlu;UNLU KALMAZ
Suruc;YADULLAH SALIH
Mursitpinar;ZEYD ALTUNCU
Cinarcik;ABDULMENNAN SUNAL
Kirazli;ALAADIN BILKAY
Intepe;ASGAR SERIFOGLU
Aksu;BEZAT KARABAL
Ferizli;DERIH MUTI
Banarli;DOLUNAY AKKOYUNLU
Inecik;EJDAR GOKBUDAK
Konuralp;EREL UNLUSOY
Cilimli;ETKIN AKAL
Edremit;FAKIRULLAH ELAGOZ
Altinoluk;FARIK SAYMAZ
Termal;FELEK CINI
Sogutlu;FIRGANI YASAROGLU
Karamursel;GURTAN KOCAS
Altinova;HOCA TOREN
Yalakdere;ILFAN AKASLAN
Demirtas;MAHREM CURE
Golbasi;MERTHAN BEYTER
Sehit Nusretbey;NIDAL GULBAS
Tekkekoy;NIGMET OTLU
Buyukkaristiran;NURMEHMET TAYFUN
Gorele;OMERULFARUK GURAN
Karadere;OZGER YETISIR
Hendek;SELADDIN GURESCI
Alacati;SEMSETDIN HUR
Kosk;SEVDI OKLU
Bedirli;SEYLAN GORER
Karayun;TOPRAK GULDUR
Karacayir;YAZDAN KASIRGA
Kayadibi;ABAMUSLUM OVA
Kabatas;ABDULKASIM COP
Dokurcun;ABDULMANAF ELALDI
Gelembe;ABDURRAUF BALAT
Akyazi;ALIATTIN FERAH
Kirkagac;ALISAH TACYILDIZ
Senyurt;APUL ADATEPE
Guneysu;BAKIL KAYI
Altinozu;DIMITRI SOYAL
Yigityolu;DONMEZ AGGUL
Babatorun;DUNYAMIL BEKER
Arsin;EMREN HAVUZ
Ovakent;EYYUPHAN SARIGOL
Kaymakci;H.ALI ATAM
Birgi;HAFI GORKEM
Bademli;M.HANIFI DUVAN
Duzici;MENAN COLGECEN
Birecik;MENGU HUSEYINOGLU
Adala;NAFEL MOL
Seydim;NECAITTIN ULUISIK
Cemilbey;NEYFEL OKUDUCU
Kabali;REZAK ALTEKIN
Kirikhan;SEHAP BULUN
Yalangoz;SERDA MORAL
Akinci;SUCAATTIN YARIM
Korgan;TEGMEN CATALTEPE
Terme;VAIT KESMEN
Mermer;ZIYAD DOKUYUCU
Persembe;ZUVER EJDER
Gursu;ALBER AKTOPRAK
Kestel;ALTAR ARIC
Duzkoy;ARTUR YILMAN
Sarigol;AYBAR YURUR
Erdek;AZIZHAN DERDIYOK
Hopa;GARABET ALTINDIS
Kemalpasa;KARABALIK CEVIKER
Vakfikebir;MEHMETHANIFI CUR
Reis;MUHTULLAH GUVENER
Aksehir;PAKI UNEL
Gulagac;SAHMERAN AYER
Saricam;SEFAATTIN GONCA
Yakapinar;SUCETTIN SATIROGLU
Yuregir;SUZAN SAHINLER
Dagbasi;VAIZ GODE
Dosemealti;ABDULMUTALLIP KARUL
Dag;ABDULRAZAK SERMET
Battalgazi;ABDULVAHHAP CEBER
Akarsu;ALIFUAT KOCDEMIR
Yesilli;AYIT GOBEL
Ortakoy;CENKAY KARAYAKA
Karasu;DIKMEN OZTEPE
Yomra;FAHAT ENEZ
Kozcagiz;GULISTAN PEHLEVAN
Arit;GUNAN YUCESAN
Saltukova;HANBEY KAPTANOGLU
Murat;HUBUYAR ATAGUN
Cumacay;KAHYA DINAR
Camili;KUDSI CAGIR
Kazan;KURBANALI ETYEMEZ
Kuplu;MUNCI LEYLEK
Yarhisar;NURETIN SUREK
Alasehir;ORFI BASAN
Yesilyurt;RASIN EYI
Gokdere;REZZAN ACUR
Camlibel;SABEDIN KOLUMAN
Kopruoren;SABI BECEREN
Sabuncu;SENGUL BESIR
Obruk;TERKAN BEYDILLI
Yarma;UGURAY BULAN
Dedeli;UTMAN PAKER
Germencik;YEKDA TOHUMCU
Ortaklar;ZISAN GUZ
Guce;AFAN KADAN
Tirebolu;AGUS DASDELEN
Gokcen;DERIN KIRILMAZ
Bogazici;DOGAC PELTEK
Kahta;EBEDDIN YIRMIBES
Narince;ENER CANTEKIN
Damlacik;ESBER DERECI
Akincilar;GALIB YAYAN
Atburgazi;GURCAY AKSAKALLI
Bagarasi;MUKADDES ALTUNOZ
Kosreli;NECLET AKKUL
Camas;NEDRETTIN MAMAK
Ceyhan;NISANI YAKISIR
Sagkaya;NIZAMETDIN DELIBALTA
Cigli;OZTAN KARYAGDI
#stop
Golcuk;RUSDI KIRISCI
Zeytinliova;SEBATIN SEVGIN
Akhisar;SERDINC YUNCU
Surmene;SERHUN NIZAMOGLU
Kucukdere;TANEL CUCUK
Arakli;ZULFER TUTUK
Golyaka;ABDUREZZAK GUMUSOGLU
Bulancak;ALAATIN SIRAKAYA
Kovanlik;ALEADDIN ESIM
Bahce;BAHADIN HANCIOGLU
Guvenc;ESALET HANOGLU
Aktepe;FECIR YUVARLAK
Bogazkaya;GIRGIN AGIN
Kolay;HAYDARALI DER
Bozburun;IRSAD KALABALIK
Ovacuma;KIRAL PIRINC
Safranbolu;KOSE AKARSLAN
Ondokuzmayis;KUTRET AYKOL
Taflan;LOMEN CESME
Kocakoy;NAILI MALGIR
Ercis;RUSDEM CAKALOGLU
Akcakoca;SABEDDIN PERK
Delicay;SALATTIN EVSEN
Kocapinar;SEMIN PARILTI
Degirmendere;SEVIK BIRGIN
Imamoglu;ATLIHAN NUHOGLU
Edremit;CIHANKER SARIGOZ
Piraziz;DANYEL CITLAK
Gulyali;EDIM NAZIK
Baglica;ERDURAN TIMURTAS
Kurtalan;FIRAZ BINER
Dogantepe;GORKAN KOVANCI
Ezinepazari;HACIMURAT TAVLI
Akdag;HANCER UMAY
Gurgentepe;ILKNUR KASIK
Asarcik;KADIRHAN OZBAL
Karapurcek;MINAS TEKNECI
Cayeli;MIRAY YUZBASIOGLU
Kaptanpasa;MISTO ATAOGLU
Buyukkoy;MUFID BAGLAR
Atca;NESIB BOZLAK
Sultanhisar;NESRI ALTIKULAC
Ahmetli;NESUH OZBAYRAK
Ergani;NEVROZ TURER
Suluova;POLATKAN KILIT
Guroymak;SAVASKAN BATAN
Karabulduk;SEYITBATTAL TEPECIK
Kesap;TOKER GUNCAN
Caglayan;USTUNER OZEKINCI
Catalarmut;YASIM SUCUOGLU
Kalkandere;YERLI CELAYIR
Midyat;ATAGUN KARADANA
Saray;BECET OLKER
Tasagil;BOGOS SISLI
Beskonak;CERKES BEYOGLU
Manavgat;EHAT KARAKOL
Kumru;ELFAZ OZLEN
Iznik;ERARSLAN TOKUC
Suvarli;ERDUVAN TAKMAZ
Kizilin;IKRAMETTIN TASOVA
Besni;KERAMET ELDEN
Cakirhuyuk;MUHABBET BADAY
Devrek;NESIN CANKARA
Egerci;NIYET KOVAN
Hani;NURSI ONEMLI
Kozlu;REFAT SOGUTLU
Erbaa;SAHIL TUGRAL
Doganyurt;SAHSUVAR ALISAN
Gokceli;SARKIS DORU
Karayaka;SONGUR GULDIKEN
Caybasi;VARTAN KARACOR
Yamac;YURDER SAP
Sancak;ZAHITTIN BALCAN
Ilicalar;ZILKIF MINTAS
Girmeli;AY COREKCI
Haberli;BEKLAN GUVENDI
Oyali;CEFA TURKARSLAN
Saraykent;ELMAZ KANTAS
Gumusova;ERK URER
Cumayeri;GAFFUR CINCIK
Kuzyaka;GEBRO TOZKOPARAN
Pamukova;GULAMIR BAYDOGAN
Gebiz;HAMMET DOKUZ
Serik;HAYIK SENGULER
Honaz;KAYIM ASIR
Candarli;LIYADDIN BAKLACI
Bahsili;MAARIF CULFA
Saraykoy;MUHYIDDIN YILDIRIR
Gollu;MUNIS ATAKLI
Derinkuyu;MUSELLIM KARABULAK
Babaeski;NIMETTULLAH SIDAR
Karacaoglan;OZERK TAFLAN
Bozuyuk;REGAIB HALAC
Dodurga;RUKNEDDIN BAYDAN
Acipinar;SABAHATDIN GOZUKUCUK
Yesilova;SADIRETTIN KOBAK
Taspinar;SAHATTIN SABANOGLU
Aybasti;SAHHUSEYIN DIBEK
Esen;SANAL ELALMIS
Kizilyaka;SERVETTIN OGUNC
Kemer;SEVIS TONYALI
Altinyayla;SEYFIDAR TURMUS
Yesiluzumlu;SUURI AYTEMIZ
Amasra;VICDAN SERCAN
Golhisar;ZULKIFIL GURBUZER
Merzifon;ZULKUFLU KAVUT
Saribugday;ABDULGADIR KURAK
Kaynarca;AYTURK MUJDE
Harran;BAHAATTIN EVGIN
Uzunkuyu;EZGI TEKECI
Guzelyurt;FATI DIVARCI
Demre;FERAMIL GAYRETLI
Demirci;FERKAN KURKUT
Karacabey;GARANI SAYILI
Golbasi;HISAM YORUR
Ayvacik;ILAMETTIN CELIKKANAT
Beloren;INCE COLPAN
Tutuncu;ISMAILHAKKI ERTURAN
Sarikoy;KAFI GULNAR
Bugdayli;KAHIR KOSTAK
Gonen;MAHSAR DIKTAS
Bozkurt;MUFTU KUSCUOGLU
Yeditepe;MUHAMMEDI YAS
Kislak;NIHAN TEKGUL
Idil;NUSAMETTIN SENLI
Guclukonak;OKTAN SELCIK
Dicle;OZLEN CANGUL
Gundogdu;RECAIL EFILOGLU
Bakacak;SECAHATTIN KARACAR
Biga;SIHMUZ LULECI
Karabiga;SUCATTIN CADIR
Baliklicesme;TALHAT DURHAN
Gumuscay;TEBER SEZEK
Sinekci;TUNER SIN
Kocaali;ALEKS BOYAR
Susurluk;ARTO KADIROGLU
Omerkoy;AVSIN MADAN
Gobel;BABACAN OZAK
Urgup;BEHRI YALINIZ
Yaygin;EVSAL GOKCAY
Kizilagac;FEHRAT KARAKULAH
Mercimekkale;HEBIP OZELCI
Agabeyli;HIZBULLAH SAYMAN
Inebolu;IZZETIN YILDIRAK
Caglayancerit;KERAM IKINCI
Devecikonagi;MUSIR SENAL
Caltilibuk;RUHANI DENKTAS
Mustafakemalpasa;SEBEKI ALPAN
Sogutalan;SEHLAN HAYDAROGLU
Yenipazar;SELAHATIN KOLAK
Korkut;SEMS CINGI
Dogankent;SEYDAN TONGUC
Buldan;UYAR KABAL
Golkoy;VOLGA KAYADIBI
Dokmetepe;ZEKERI CAVLI
Turhal;ZEYNAR OZERDEM
Yesilyurt;ZEYNUN KUCUKSAHIN
Alicik;ABUZET TONGEL
Bespinar;ABUZEYT ERENOGLU
Gulluk;BEREKAT KARADAGLI
Selimiye;BIRA SAYLIK
Vezirkopru;BIRSEN UZUNTAS
Mezraa;BOTAN CABBAR
Milas;BUNYAMIL DANABAS
Oren;CEBAR IMER
Koprubasi;CETO SELAMET
Mecidiye;EBA TOGAN
Kucuk Yerlisu;FERHUN KARACADAG
Kesan;GOKCIN GURAL
Bogurtlen;HAMIL KEMENT
Resadiye;HAYRET OZGOREN
Kucuksu;IHYA HERGUL
Abana;KACAK KALDIRIM
Serinhisar;MAHZUNI KANTEKIN
Akyurt;MIHRI KIREZ
Cubuk;MUHYITTIN ERER
Muratli;MUSLI GULGUN
Yesildere;NECET TASOGLU
Kazimkarabekir;NEHYET DULEK
Bucakkisla;OMERHAN TEZGEL
Kilbasan;RUPEN YURTERI
Beyagac;SAHBAN CIRA
Salat;SEDI ONBASI
Bismil;TACETDIN RAMAZANOGLU
Tepe;TASIM TUMAY
Yenisehir;TEMIN CANBEK
Cirpi;UFUKTAN DIREKCI
Dalaman;YASABEY YESILOZ
Yerkesik;ABDULFERIT BODUROGLU
Mentese;ALIBABA HAYKIR
Camici;ARTUG SAGALTICI
Yesilyurt;AYTAN ARICIOGLU
Goktepe;BIRAND BELDEK
Niksar;DOGUCAN ADAL
Catakkopru;EBABEKIR BALDAN
Silvan;EBIL SAKALLIOGLU
Bagdere;FIDAN YIGIN
Fevzipasa;GUCHAN BAYGUL
Ciftlik;HAFIF HISIR
Catalca;HAMIZA SOLHAN
Dogancay;ILDENIZ ARTUK
Geyve;LUTVI KAYIHAN
Yaglidere;MADEN YENIDOGAN
Saruhanli;NASIM ALGUN
Halitpasa;NEVCIVAN BASALAN
Hacilar;SERAL KARAMUK
Sarkoy;SEYHHAMIT KESERCI
Murefte;ULGAR OZLEM
Gocbeyli;VAHYEDDIN YAGBASAN
Yuntdag;VANER KENDIRLI
Turanli;YAZAR KOSEDAG
Zeytindag;ZIYAFET SOYYIGIT
Kozak;AKCAN MENGUC
Bozcaada;AYBEK DEMIRASLAN
Golmarmara;BAHRAM OFLUOGLU
Ula;BUYUK AKTAG
Yuksekova;CAGLA ILCIN
Daglica;CESARET KAZANC
Esendere;ERKOC OZDENIZ
Tavsanli;FETAHMET GUMUSKAYA
Cokak;GENCE PEYNIRCI
Copkoy;HATTAP BEL
Tepecikoren;HEDYETULLAH KARABATAK
Hamidiye;ILMITTIN ISLAK
Kircasalih;KERBELA IZ
Ortacalar;KILICARSLAN KOSTEKCI
Kumluca;KULIHAN COTUK
Yaprakli;KUVVET KAKIZ
Altinyaka;LOGMAN KORKMAZER
Akcaova;MEDAT MART
Cine;OGUZKAN KIZILHAN
Pamukoren;OSKAY ENCU
Horsunlu;RAMUS BAYEZIT
Buharkent;RESIM GURUN
Cermik;RISALET UNAT
Kiraz;SEYHAT DIDIN
Yogun;TEVEKKUL BARTAN
Elmadag;TOHIT ETIK
Yahsihan;UZEYFE KERVAN
Elvanli;YORGI SAKRAK
Guzeloluk;ABDULMESIH SACAK
Geyikli;ALAADTIN BAGDAT
Erdemli;APTUL KAMCI
Ezine;AYTAS AGIRTAS
Etili;BABLI EREM
Can;BEDIRI SENGIL
Basgedikler;BESIN KOYLUOGLU
Narli;CAGRIHAN TOLAN
Pazarcik;CENAB TUREN
Elbistan;FERSAN ERDAGI
Gucuk;FURUZAN SUVARI
Afsin;MEHMETSAIT KOLEOGLU
Tanir;MUSTAKIM OZKIR
Halfeti;OGUNC YALINKILIC
Cakiralan;RASAT MENDES
Havza;SEFAHATTIN ABIK
Samsat;SEIT CELIMLI
Araban;SOYHAN DAYANC
Saray;TURKCAN DOKGOZ
Ozalp;VITALI DUDUKCU
Dorutay;YETVART SAKAOGLU
Sarikonak;ZULKUFIL BASDAS
Narlidere;ABDUSEMET DADAS
Bolukyazi;ACIP UCLER
Alacakaya;ARAFET DEMET
Dicle;BAHETTIN TIKEN
Sulucem;BALAMIR TUKEL
Ardesen;BERHO ATILMIS
Baykan;BILSAY KUPCU
Dilektepe;BINAT PESEN
Evciler;CEFAKAR SERTBAS
Yanarsu;EGIT BAGLI
Tuzlagozu;ERCUMET NAMAL
Kozluk;ERTUNGA BALKI
Bekirhan;EZDIN KENAN
Egil;FERAHIM KOCAKAPLAN
Saribeyler;GULCAN SANLITURK
Savastepe;HIKMETTIN AYDINLIOGLU
Ivrindi;ILMIDDIN EKIZOGLU
Akcaova;MAARUF CIVIL
Korucu;MERDAL GULBEYAZ
Kandira;MINNET KUCCUK
Kaymas;MUSIN SENSOZ
Kayapa;NAZIFI SEYITOGLU
Gokceyazi;REHMI CORA
Karakopru;SAZIL DOKUR
Karacoban;SEFAYI TUC
Ulubey;SEVDET KARAMANOGLU
Kumlu;SUGAYIP KIRCICEK
Turgut;YURDUN SEVUK
Uskup;YUSUFCAN SEYRAN
Inece;ZEKARYA BEKIL
Derekoy;ABTI GULACTI
Yoguntas;BADIN TAG
Gomec;BAHYEDDIN ASUT
Cakmak;BUBI IN
Siverek;CAGLIYAN KARHAN
Caylarbasi;DENIZCAN OKYAR
Karacadag;DOGUSCAN SACAR
Karakeci;DURASI SEFIL
Sekerli;ERSAGUN DASKIRAN
Dagbasi;ERTURAL KARAKECILI
Bucak;FERCAN ARCA
Iscehisar;GAFER OZSARAC
Cagis;GASIM DENIZER
Yagcilar;KENDAL FIRINCI
Bigadic;KUCUKAGA PAZAR
Sogut;MAHACIR DISKAYA
Babadag;MERDOL ETLI
Kaynasli;MILCAN OZKOL
Kula;MUTLUK YIGITALP
Gokceoren;NACIP BULGURCU
Tonya;NECAHATTIN DEMIRPOLAT
Salpazari;NURSAH OZCIFTCI
Ortabag;SAADEDDIN UNVERDI
Uludere;SAYCAN ERSARI
Alacam;SEFAAT SARCAN
Marmara;SEVIL SASKIN
Dargecit;SITDIK OZIS
Hizan;SUHEYIL TUM
Karpuzlu;TACIT YENICI
Bolayir;UNAY GORGU
Evrese;VARLIK SAGBAN
Gallipoli;VEYS AKSAR
Bulanik;YAVUZER BUKER
Ovabag;ABDUNNASIR CALGICI
Karaagil;BAHSET KUCUKLER
Erentepe;BAZI OZSEN
Simav;CIRCIS ARASAN
Dagardi;ERGUNER CERRAH
Ahmetli;ERSAVAS GOZUACIK
Yenicaga;ESFENDIYAR GUDUL
Diyadin;GAZALI OTURAK
Kocarli;GUNALP ABIS
Cakirbeyli;IBRAHIMHALIL HATIP
Karadirek;KADRETTIN YESILCIMEN
Sandikli;KURTARAN YARIS
Ortakoy;MEMETEMIN HANEDAR
Sivasli;MUTU KEMALOGLU
Eymir;NIZAMIDDIN SUZGUN
Sorgun;ONCAY UMAR
Gecitli;RIFET KODALAK
Musabeyli;SABAHI SAFI
Osmanpasa;SABITTIN BARAC
Kemerhisar;SAHISTAN ESENDEMIR
Osmaneli;SELEHADDIN KARAALIOGLU
Dogankent;SELKAN TULGAR
Bozdogan;SEVAT BALTAS
Civril;TASER FISTIKCI
Ishakli;TUGRULHAN KULU
Doganpinar;TURKYILMAZ MUJDECI
Gumussu;URAZ OGUN
Oguzeli;YAHUZA RODOPLU
Gazipasa;ZUBEYYIR DALMAZ
Tecirli;ZULFUGAR YOGUN
Karatas;ABDULCELAL KAVASOGLU
Tuzla;AFSAR MAKAS
Seydisehir;AHO DUMANOGLU
Muradiye;ALBAY DUYGULU
Turkeli;BEGALI ATIL
Guzelkent;BEKO DOGRUOZ
Malkara;BILGINER KARADAL
Balli;BORGA KUNDAK
Ortakoy;CEKI TOMBAS
Yuruk;DURKUT YER
Sahin;EBAMUSLIM CENIKLI
Balci;ELDIN DARI
Cavus;EMRETTIN KILINCER
Ibriktepe;ERDOST PAYAM
Tosya;ETNAN UYAROGLU
Sinanpasa;EYYO UYKUN
Beycayiri;FEIM ADLIG
Besiri;FERAN ALSAC
Bespinar;FEYZEDDIN GUNSEL
Kocaaliler;GAZAL KAYIN
Anamur;GOKDENIZ AGIL
Sakcagoz;GULAYDIN ELGIN
Nurdagi;HAMMUT IYIGUN
Datca;IHSANI KIPCAK
Yavuzeli;ILTAN YAGMURLU
Kovancilar;INKILAP ZAIM
Caybagi;ISIL ACICI
Hazro;KUTUP GECICI
Dogansu;MEVCI GOZUM
Kocatepe;NECDI KARABALIK
Yesilvadi;NIKOLA SOYCAN
Karacakoy;SEVINDIK SUICMEZ
Sile;SOFI HACISALIHOGLU
Teke;SOHRET AYMAN
Cameli;TIMURCIN AYRAN
Palu;USLU GECKIN
Kurecik;ZEYNILABIDIN YUCETAS
Aksar;ZILFIKAR IBA
Seyhli;ZIYAP URUK
Ladik;ZULKEFIL HIRA
Bahcesaray;ABDULKANI KILINCOGLU
Catak;ABDULRAKIP SEVAL
Doganhisar;ABDULSEMAT BIKMAZ
Armutlu;ANSAR OKUL
Salipazari;ATAK OZGE
Avanos;BAGDAT SOLGUN
Topakli;BENLI EKMEKCIOGLU
Ozonak;BEYSAT KASLI
Dernekpazari;BIRANT TAM
Elbeyli;BORAHAN YAVAN
Sason;BURCHAN ALKAS
Banaz;CEMSIT BESIKCI
Yucebag;DOGACAN ENGUR
Mazidagi;ELATTIN TIG
Nurettin;FARABI CILESIZ
Nurettin;GULAY GURTEKIN
Karahasan;GURANI KULAHLI
Malazgirt;MIMTAZ YETISEN
Aktuzla;MORDO KARABICAK
Osmancik;NEVRETTIN KURDOGLU
Silifke;ONEL YAVSAN
Tasucu;SAMUEL ALSANCAK
Kirobasi;SARO SARAK
Acipayam;SEFAK BAYDILLI
Kelekci;SENAT CUMEN
Hasbek;SERCIN AKSAC
Koprukoy;SEYYITHAN GUNDEN
Darica;UMUD TASBASI
Manyas;VELICAN ASLIM
Sevketiye;VIKTOR DEMIRPENCE
Bozyazi;YUCAL OZUBEK
Cobanlar;YURTTAS DUSMEZ
Meric;ABDULVELI BALTACIOGLU
Kuplu;ALATIN CIM
Gerze;ALIBEKE EMUL
Cay;APTURAHMAN KESLER
Yenimehmetli;ARINC URAZ
Temelli;ARZUMAN USUL
Sumbas;ATABAY COLLU
Igdir;AVDEL GULFIDAN
Boztepe;BASKAN KONDU
Zile;BEHMEN YAZGI
Karakecili;BEHNAN SARLAK
Gencek;BOYRAZ ULUCA
Doganbey;DENIZER ATESLI
Beysehir;DERDE CABA
Karahalli;DUMLU FINDIKCI
Uzumlu;EFSAL GONULAL
Bakirdagi;ERKUN ERDEMCI
Bozova;HACIOSMAN BASARA
Yaylak;HIRANT SESEN
Develi;ILHAMETTIN TURKBEN
Kanliavsar;JIYAN BEKI
Iskilip;MENDUF CELIKDEMIR
Cicekli;OMRAN SAYLAM
Sutluce;RUHULLAH SERTOGLU
Kocakoc;SABRETTIN ZENCIRCI
Musabeyli;SEMATI SARIBIYIK
Celtikci;TEMO SAYICI
Sergen;TURUDU COT
Vize;VAHE PASLI
Kiyikoy;YILBAY SAVAN
Aricak;ZEYNUR TAYSI
Koprubasi;ALBUZ HAYIRLI
Pazaryeri;ASABIL KAMILOGLU
Salmanli;AYBER DINER
Taslicay;BEYDULLAH KESTANE
Yalnizcam;BEYLUL KORUKCU
Bozkurt;BEZMI CETINTURK
Haskoy;BIMAL COPOGLU
Selendi;DAGLAR KIRKPINAR
Sulusaray;DALIP UCMAZ
Bekilli;DAVETI GORGEC
Havsa;DIYAADDIN BASKARA
Haskoy;DOGANER BARIK
Kizilcaboluk;ESRAFIL KIBAROGLU
Geyikpinar;GUNKUT MILLI
Meydan;HIDA YIGITBASI
Kavakbasi;HUKMET BAYBURT
Mutki;HURMUZ KUZ
Tavas;HURSEHIT SUSUZ
Beycayiri;ISMIHAN YAKISAN
Kizilsu;ISTEK OLUK
Lapseki;KERAMEDDIN CALKAN
Umurbey;KOCERO OGET
Kamil;LATIFSAH SABAZ
Ilgin;MARDIROS ABUKAN
Asagicigil;MIZRAK DOGRUSOZ
Argithani;MUHDAT OYMAN
Derbent;MUKTALIP ANT
Cavdarhisar;MUNEVVER CELIKKIRAN
Gordes;MUREN KOMURCUOGLU
Domanic;NECATTI CANKAL
Yazihan;NEDIP DEVIREN
Gonen;REFI KIRGIL
Gulpinar;SAYLAN SORAN
Kucukkuyu;SEYFUN YONEY
Ihsaniye;SURUR CEVIRGEN
Cardak;ABDULRAUF FETTAHOGLU
Kale;ABDULVEHHAP COKAN
Hasanbeyli;AKHAN CAPKAN
Kalkan;AYKIN DERVIS
Bolvadin;ENGUR ILASLAN
Akkus;ERGAN KAYRA
Savcili;ERKEN ATLAS
Kaman;FEHMETTIN ZEYBEKOGLU
Yalvac;FERZEN AYDAN
Bagkonak;GENCEBAY AYCIL
Kumdanli;HASBAL BATAR
Ovacik;HEMDULLAH CELLIK
Kabahaydar;HUSEYYIN YAKSI
Hilvan;KADO CALIMLI
Hisarcik;KANAN AYTURK
Golcuk;KAREN ERCEL
Saraycik;KOTAN SARIYER
Gumushacikoy;LAZIM TOPARLAK
Gumus;MUHIBBI ADLI
Yenibasak;MURSID GOKTEN
Solhan;NAVAF KEFELI
Sincik;NEJMEDDIN KUDAY
Yarpuzlu;NIHANI MARAZ
Semdinli;NURDAL SADI
Cekerek;OMERFARUK TUZEL
Andirin;SAHI ABAYLI
Kalkim;SEDAR SENDIL
Pazarkoy;SELAITTIN PADIR
Hamdibey;SENADIN DURA
Yenice;SUNAL AKYASAN
Albayrak;TULUG GULDOGAN
Bagisli;ABDULCABAR MADENCI
Baskale;ABDULHAFIZ SOMER
Dazkiri;AKBEY BORAK
Canakci;ALAN KAAN
Ortakoy;ALPAR MIDIK
Akkoy;ARIS ALPDOGAN
Gerger;BEDEVI CAGRI
Zeytinlik;BEHRAN DENER
Taraksu;DERDA GAMSIZ
Taraksu;ELVER BAKAL
Dodurga;ERDAG TUTUMLU
Ahlat;ERSAD BOZKAN
Dambaslar;FEZAYIR CANGA
Esme;GABIL POLATOGLU
Acigol;GOKCEHAN SARLI
Ovakisla;HESBI SIS
Hayrabolu;ILKSEN ERBOGA
Susuzmusellim;KEKI IRGIN
Akdagmadeni;MAHSEN YATMAZ
Boyabat;MEKSELINA ALAV
Pehlivankoy;MERKEZ CIRAY
Aras;MITAD GECIM
Horasan;MUIN SOZBIR
Ciftlik;NAHIR ARAPOGLU
Gercus;NECIBULLAH AYGOR
Cevizlik;ONEM TURP
Sirvan;ONURAL ARMUTLU
Incesu;SAHADDIN BOZCA
Ozpinar;SEADETTIN CINOGLU
Kurthasanli;SEHSUVAR GUMRUKCU
Kepsut;SELANIK KOKMEN
Durak;SEVDAR SULAR
Kadinhani;SITAR BALLIKAYA
Demirci;TACIR BAYSU
Yarbasan;TONAY ETE
Borlu;TUGAN BILDIRCIN
Pinarhisar;ULKAY BOZAT
Kayacik;UMITCAN CAR
Candir;URFETTIN GUNTEKIN
Gediz;ZENGIN OKSAK
Barla;AHET ACAT
Egirdir;AREN BEZCI
Yigilca;ARON OSANMAZ
Dombay;BAHTI OZFIDAN
Dinar;BERKHAN BALIM
Haydarli;BURAN OZEV
Yenice;CAGLAN SAHUTOGLU
Karacasu;CANDOGAN AYAZOGLU
Alaca;CEVZAT OZATES
Suhut;CUMAYI SAPCI
Sariveliler;DEMIRCI SARAR
Tahir;DEMIRKAN UCGUN
Narli;DURU AKYILDIRIM
Pervari;EFRAZIM BALTALI
Eleskirt;ERMIS HATUN
Kadisehri;FAHRIDDIN PEHLIVANLI
Saginli;FEREMUZ TOLUN
Goktepe;FERZANDE YELBOGA
Yahyali;FEZULLAH CORUM
Hamur;GUNALTAY KAPISIZ
Puturge;HAMDAN INCIR
Tepehan;HASANCAN OMAK
Kavak;HENEFI GUREN
Uluborlu;HINCAL KIRTAS
Keciborlu;HORO ISSEVER
Orhaneli;HUSEMETTIN SADIK
Digor;IZNI AVLAR
Gevas;KINYAZ BENER
Hayrat;KUBILAYHAN EKTIREN
Guneyce;MIRZALI KILINCASLAN
Kavaklidere;MUHETTIN SAKMAN
Altunhisar;MUNTECEP TULAY
Almus;MUSTEKIM DULKADIR
Sungurlu;MUZEKKER KUMBASAR
Ulus;NARIN MALLI
Kumluca;NEHAR OLCAR
Hamzali;NURGUN SINMAZ
Golpazari;PEKIN TOYDEMIR
Kulp;RAFFI CETKIN
Surgu;SAHAK ARIBAS
Agacli;SAHMEDDIN MERDAN
Dogansehir;SATO SINER
Akcasir;SEKMAN SEKIN
Sarkikaraagac;SENDUR DANISAN
Muratli;SEZIN TUGAN
Borcka;SIYAMENT URLU
Kurucasile;ULKEN GIDEN
Cide;URAS KARAKUYU
Aksu;ZUHAT BECERIK
Pazarlar;ABA CEMILOGLU
Saphane;ABDULCEMIL COKAL
Duvertepe;ANTRANIK KELLE
Sindirgi;BATIN YILDIZBAS
Golcuk;BERKEL AYTEMUR
Dinek;BILGIC HARDAL
Cumra;BINAY MALAK
Beloren;BIRAN PALAMUT
Aralik;DAHA TARKAN
Ilica;EMMAR YURTDAS
Ovacik;EVKAN ATILKAN
Yavuzkemal;FINDI AYGAN
Uzundere;HACIOMER ALTUNTOP
Susehri;HATIF GUVENDIK
Gokcekent;KAN PUSKULLU
Huyuk;KOCO BABADAG
Kotek;MAHPUS PILAVCI
Enez;MEDAR GULEK
Doganyurt;MUAMBER KOCASLAN
Tasova;MUHAMER USTUNSOY
Bunyan;MUSAMEDDIN AGUS
Destek;MUTLUCAN ELCICEK
Kagizman;MUZZAFFER KIZILCIK
Cavdir;NAHIM UZAL
Esencay;NASRADDIN YUKSEKKAYA
Elbasi;NEDAYI KERIM
Tekke;NESIF OZBAKAN
Selim;NEZI CATALOGLU
Golduzu;ODUL COMLEKCI
Adilcevaz;RAKIF DONDU
Sarisu;RUFAYI ONLU
Ekinozu;SAMIDDIN SEYMAN
Karasar;SEYHI TAKAK
Kirbasi;SIRAZI DOKMECI
Dereli;SUAY EFETURK
Urus;TAIP EYVAZ
Gelendost;TANCU SEMERCIOGLU
Yenikonak;TANIN YILDIZER
Suloglu;TONI ATAMER
Kayapinar;TULU PALALI
Savur;TURFAN SELMAN
Goksun;YORGO YAPAN
Cardak;ZADE ARSU
Surgucu;ZAFFER CIVGIN
Evciler;ABBAZ CANIKLI
Yigitler;ABDULSELAMI KESMEZ
Artova;ABUS CINGIL
Bayramic;AKCA ACAROGLU
Tutak;AREFET AGA
Aglasun;ARSAK ISCIMEN
Hasankeyf;BEYAMI SAKLI
Senpazar;BEYKAN YOLACAN
Gokdere;CEVER BAYAN
Sarayonu;ERCUMEN COR
Sarioglan;ERSEGUN ISILAK
Bozkir;ESMER KALKAVAN
Ucpinar;FAHAMETTIN SIVACI
Kelkit;FIRUZAN ZENGI
Koycegiz;GENCEHAN ATMAN
Gokceada;GULUM BATAK
Tarakli;GURDOGAN BELET
Cal;HAYRATTIN BURUK
Karliova;HAYRO CINKARA
Goynuk;IMAN ONGOREN
Cukurca;MEHMETSERIF OZKARACA
Aydincik;MEMI TOKEL
Karakurt;MIRSAD TURPCU
Maden;MURTAZE ILDES
Karaurgan;MURTUZ GEL
Sarikamis;MUTLUAY MADAK
Atabey;MUZEFER OKUTUCU
Sarikavak;NURITDIN ZAIMOGLU
Buyukorhan;ORHANETTIN SAHBUDAK
Akcadag;RAHMANI SARISAKAL
Levent;RUTKAY YARAY
Gokcedag;SEDDAT SAH
Umraniye;SELCUKHAN ICIN
Dursunbey;SEYVAN SORGUN
Celikhan;SULHAN ZEREY
Kirec;TASDAN OZTORUN
Kavacik;TURKEL ULUBAS
Oltu;UZEYYIR CAPACI
Davulga;ZEKERIYYE EKSIK
Caylar;ZEYNET TURKASLAN
Varto;ZIDAN CELIKCI
Gumuskent;ZURBE GEZ
Karakoy;ABDULATIF KARATOSUN
Sefaatli;ABDULKAFUR ONGAN
Gulsehir;ABIZER TABAKOGLU
Taskopru;ABRAHAM BURCAK
Derebucak;AIT DEVE
Basciftlik;AKSIT ALDAG
Devrekani;ALAHADDIN CINER
Karamanli;AVDI KORKUNC
Pasinler;AYKUN KUDU
Bozova;AYTUR TUNCAR
Kizilcadag;BAHARETTIN YAZKAN
Korkuteli;BAYKUL BURGAZ
Guney;BELKIYA CANBAZOGLU
Gole;BOZBEY KIZILTUG
Cayirbasi;CAZIP SAKIZ
Oguzlar;CEZAIL BAYTEMUR
Karapinar;ERCUMEND TASHAN
Hotamis;ERDENAY OVER
Cigil;ERDUR SEYLAN
Findik;ERENCAN UCOK
Guneysinir;FAKIR ZOROGLU
Elmali;FALIH DARILMAZ
Akcay;GURU KIRMIZITAS
Seki;HAKDAN YAVRU
Basmakci;HULUS AKCE
Golova;ILKEM KATMER
Keles;IMIRZA SIMDI
Polateli;IZZEDIN VARGUN
Tut;KURTCEBE YAVASOGLU
Harmanli;M.SEFIK YENIGUL
Eflani;MURSAL BURCU
Mihalgazi;NEVIT BOZBIYIK
Balaban;OGEDAY CATAR
Darende;OYKU NALCACI
Orta;PERVER OTUN
Eskipazar;RASI CORTUK
Sogutlu;SECER SEVI
Eskil;SEDDI YURTLU
Hinis;SEMAYI DURKUT
Halilcavus;SERAN ONUS
Baggoze;SERDAN SENCER
Gulnar;SEVDEKAR CILIZ
Genc;TEMMUZ KIZIR
Ovacik;TIGIN BOLLUK
Pecenek;VESFI KAMBER
Gerede;ZULKUFUL KURUCA
Kozakli;ALGAN OBA
Karahasanli;ALISER GULSER
Bereketli;ALTINER ULUOCAK
Resadiye;APDURAHMAN BUYUKDAG
Yayla;AVCI ERDIM
Servi;AZDIN ESIT
Can;BIN CEBIR
Yenisu;BUROL GULCEMAL
Karakocan;DADAS TOPLAR
Basyurt;ELDAR UCAL
Bogazliyan;ENGIZ UCEL
Yenipazar;FAHRULLAH ERZURUMLU
Senirkent;GUNTER FAKIOGLU
Ortakoy;HAZBI IREZ
Akcakisla;HAZIN SULAK
Sarkisla;HUDAVENDIGAR GELES
Mecitozu;KURAL GORGEN
Kazanci;MACID KAMAR
Ermenek;MAHSER MANAP
Duragan;MENTES BULCA
Cerciler;MIRKAN GOVEN
Damal;MUDDET ILKER
Esiroglu;MUNASIP KIRACI
Dogruyol;NURSEN KUTLUER
Arpacay;OLKAY TELEK
Cat;ONSEL BALCILAR
Gemerek;ORTAC KUCUKALI
Dogruyol;PASABEY ALAT
Kale;SERGUN KABAY
Yagmurdere;SETRAK KAMER
Yerkoy;SOYER BALBAY
Seydiler;SUBAT EKEMEN
Kigi;TOKCAN PICAK
Eruh;UMRAL KARADELI
Kurtun;UZER SALIS
Doganca;YADIGER AYBAY
Mengen;ZEKA GELGEC
Cifteler;ABABEKIR ORTAKAYA
Tomarza;ALDOGAN OZGU
Pazarkoy;ARHAN SINIR
Toklar;BEHAETTIN MENDI
Gokcesu;BULUS OLUC
Caykara;EFRASIM ARIG
Uzungol;ESEDULLAH DUGER
Altinyayla;FERITTIN FINDIKLI
Sereflikochisar;HABESI KANDAZ
Siran;HAMPARSUM KARABINA
Gaziler;HANI KARASIN
Karakoyunlu;HAZIR TIRPANCI
Inonu;HIMET EMLIK
Tuzluca;IMDAD IDIZ
Mordogan;KANUNI MIRIK
Karaburun;KONUR AYVAZOGLU
Kucukbahce;KUCUKBEY GURBULAK
Koprubasi;KUTHAN YAZIR
Kamisli;MAHBUP ABUL
Pozanti;MUCAHIDDIN BILGINER
Hocalar;MUDDALIP CELIKCAN
Hacibektas;NEVZETTIN DUSUNCELI
Catalzeytin;NIKAIL AGBABA
Lacin;NUGRETTIN PEKSOY
Hamamozu;OMERIL AYBAS
Hazar;OZCELIK ERSU
Maden;SAMIT OZYAVUZ
Dortdivan;SAYIL GEYLAN
Hanak;SEHMI AKGEYIK
Yesilhisar;SELATDIN BUYUKYILMAZ
Kizilirmak;SENLIK GONDER
Yesilova;SERIM KUTLAR
Sabanozu;TANIR SENKUL
Altintas;TAYYUP YURDUSEV
Saimbeyli;TUHAN ABATAY
Murgul;VAYIT ERKURT
Susuz;VUSLAT KOSELI
Baklan;YAMI ALICAN
Kandilli;YURDAY AYTIMUR
Askale;ZULMAT DAVUTOGLU
Gudul;ABDULSEBUR HANSU
Ciftlik;ABDULVAHIP ADEM
Mucur;ABDULVASIH KARAOSMAN
Ilgaz;BENDER KOCAKER
Mudurnu;BERKET YILMAZLAR
Taskent;EMINE EVLI
Hadim;FADUL KIZILELMA
Tefenni;FATHULLAH SEVENCAN
Agli;FATTAH TECER
Demirozu;FERAHI BASKAL
Bogazkale;FEVVAZ ERINC
Cihanbeyli;FIKIR PALANCI
Emet;GENCOSMAN TUTEN
Orencik;GEYLAN BERCIN
Tufanbeyli;GULDOGAN DOGUS
Narman;H.MUSTAFA KOKSALAN
Kislakoy;H.OSMAN MAGAT
Celtik;HAMMADI O
Tekman;HASIMET TIKIZ
Gokoglan;HAVRAN OZKOSE
Catalan;HEBIB TIMUCIN
Kurtkale;HOGIR KUNDURACI
Karaisali;HUSO OZYALCIN
Ulukisla;ILYA SAYLI
Ciftehan;INTIKAM YABAS
Senkaya;ISABALI GUCLUER
Gaziler;ISILTAN HANAY
Alpu;KURAY OZDOGRU
Komurlu;M.MUSTAFA PULLU
Aksar;MARTIN SASI
Camlidere;MAVI TATLICI
Doganyol;MEHEDDIN TATOGLU
Akkisla;MURSUT TEKDAL
Lalapasa;NAFIH COPUROGLU
Akpinar;NASER CULHAOGLU
Goynuk;NERMI MUTLUAY
Keban;NIKO ALTUNOGLU
Cayiralan;NIYAT GOGERCIN
Hacihamza;NUHAN KILICPARLAR
Kargi;OCALAN OVACIK
Goksu;OMURHAN OZGUNER
Elmalidere;ORGUN KARAKAPLAN
Soylemez;RAYHAN MEN
Aslanapa;RUHSAN YAMANOGLU
Karayazi;SADEDTIN DORA
Sarayduzu;SAHADETTIN KAYMAN
Cildir;SAHBEDDIN MUSTAFAOGLU
Ilica;SALAHATDIN TOKTAY
Tanyeri;SAMBAZ ATALI
Tanyeri;SAYAN DOGANCAY
Balya;SEHVAN GURELI
Danisment;SEKAN SAKACI
Uzumlu;SIHAN KARAGUN
Harmancik;SOHRETTIN AZRAK
Ulas;TEMIM TINAS
Cayirhan;ULUKAN TURKSEVEN
Yavu;ZEYAT YEDIKARDES
Direkli;ABDULMECID AGRI
Pazar;AKINER EK
Circir;ALETDIN KOSUCU
Kizilcahamam;ALINAZ CILLI
Guvem;ARMENAK TOPALAK
Yildizeli;AZEMET YABACI
Celtikci;BAYER YAPICIOGLU
Mansurlu;BERKEM VEZIROGLU
Feke;CELASIN CAVGA
Han;DENHO OKDEM
Bayat;DOST ALTUNBAY
Felahiye;EBUL DEMIRDEN
Aydintepe;EGEHAN OGEL
Mahmudiye;ERBEY RAMAZAN
Gozeli;FAHIT ARKIN
Sivrice;FATMA BEGEN
Kaymaz;FEDAKER BUGUR
Ahirli;FEVZU ORHON
Tepebasi;FIRDEVSI USTUNKAYA
Celebi;GULBEK ANSIN
Basyayla;GUMUS DALCI
Goynucek;HAMDUSANA EVRENSEL
Beloren;HASSARI KUYU
Gediksaray;HEMIT NOGAY
Kursunlu;KOZAN TANYELI
Ozvatan;MEKSEN ZUMRUT
Meydancik;METI ACIR
Ikizoren;MEZIYET DOYGUN
Akpazar;MOMIN KARAGEDIK
Mazgirt;MUHANMET TURELI
Darikent;MUHBETTIN USAL
Velikoy;MULUK DALGALI
Savsat;MUZZAFER GEZEK
Kure;NACIT GULCE
Kuluncak;NAYIT ORGEN
Senyurt;OKTEN GOKKURT
Tortum;PILOT IDE
Asagi Irmaklar;RAFAEL YELTEKIN
Adakli;SAGBAN ANKARA
Beylikova;SAHITTIN CINAROGLU
Akincilar;SAHZET NERGIS
Posof;SELAT AKSEKI
Eminbey;SENNUR DUMRUL
Yalinca;SEYFEDIN DUVARCI
Torul;SORES KARAKAYALI
Kirkgecit;ULUER ADLIM
Sebin Karahisar;USREF CAMUZ
Guzelsu;YURDACAN MUS
Tasdelen;ZEYYAD TOKLUCU
Eldivan;ZIKRETTIN YUZUAK
Arapgir;ZULFO KONYAR
Akdemir;ABDULAHAT KORKULU
Dogansar;ARARAT CANAVAR
Pertek;BATIHAN INCEL
Pinarlar;CABIL OZAT
Caybagi;CEHDI GACAR
Dere;DERBAS ISLI
Camoluk;EFKAR OYAN
Dikmen;EFRIM ACA
Kussarayi;EHET YANGOZ
Aydinlar;ERDIC AYDILEK
Baskil;ERYILMAZ BOLEK
Kale;ERZAN DUT
Hekimhan;ESAF ELBAN
Kursunlu;FEHIMDAR ERISMIS
Sariz;FEYMI GAZEL
Saricakaya;FIRTINA KAVUNCU
Hasancelebi;GENCEL MANDAL
Agin;GORSEL SIDAL
Akkaya;GURSEN SOYALP
Boyali;HUT KAVI
Igdir;KAYRA KAVRAZ
Camardi;MEDAYIN KULLUK
Nurhak;MEHETTIN ORHUN
Arac;MEHMETSELIM OZCELEBI
Ihsangazi;MINIR YONET
Ucdam;MIRAT OZDEL
Yenifakili;MUKADDIM PARTAL
Tercan;NEFER TEMIZYUREK
Kiziloren;NUREL YUKSEKTEPE
Azdavay;SAHYETTIN OKUT
Hemsin;SAYHAN TOYRAN
Ayas;SEFTER SARIKAN
Olur;SELVI TALAYHAN
Camliyayla;SENCAR CEVIREN
Emirgazi;SERUHAN ERZEN
Goloren;SEVDAT OBUT
Yenice;SONCAY PATAN
Ikizce;TALAY TASTEMIR
Tuzlukcu;TAYLANT KARACABEY
Hanonu;TAYYER UZGUR
Yenipazar;TEKCAN YANIKOGLU
Beytussebap;TEZEL BOYALI
Cemisgezek;TIMOCIN DUZYOL
Gedikler;TOPER ENC
Ugurludag;TORGUT NIGDELIOGLU
Akcapinar;VERGI BARKIN
Camlihemsin;VILAYET TASTEPE
Pinarbasi;YUKSELEN TAYAR
Atkaracalar;YUSUFHAN ALIN
Kose;ABDULKADIM YUCEBAS
Bayramoren;ADLI ZONGUR
Ortakent;AGIM GOKDAS
Cerkes;AGMUR TENEKECI
Koyulhisar;ATASAY VARHAN
Demirkoy;ATNEN BASA
Igneada;BOLUKBASI GORGEL
Daday;CAFFER TUZCUOGLU
Sulakyurt;CANBEY ADEMOGLU
Altinekin;CANDAR BARISIK
Orensehir;CEBRAYIL BASARI
Kirka;CIRCI DERNEK
Seyitgazi;DERGAH ERTOSUN
Seben;DURKAN KERMAN
Kaynar;DURSAN MATARACI
Pazaroren;EMBIYE ONLER
Sutculer;ERDEBIL CAHAN
Kasimlar;ERGENEKON DALAN
Hasayaz;ERIN AKGEDIK
Kalecik;ERSEV AKKOSE
Golova;ERVAN ASILTURK
Candir;FEDAYIL GANI
Agacoren;FEHAMETTIN GOMEC
Beypinari;FETHAN AKALP
Zara;FUDEYL BADAK
Cayirli;GARIB MENGU
Bulucan;GUDDUSI SUBAS
Serefiye;HACIVELI AG
Baskoy;HASANBASRI ALIR
Boztepe;HUDAIM DOGANGUN
Topcam;IBILI ISILDAR
Yesilce;IMAD KOCAOGLAN
Mesudiye;KOCABEY UMAN
Aladag;KULUHAN DASDAN
Akseki;KURTAR ATBAS
Evren;MAKBUL AYGIN
Yusufeli;MANUEL KIRGIZ
Demirkent;MELKON NURLU
Kilickaya;MENDIRES BOGAZ
Geris;MUEYYET FEDAKAR
Sivrihisar;MUKRAMIN KARAGULMEZ
Sariyahsi;NAHID KURTBOGAN
Guzelsu;NEDAT OGLAKCI
Sarigol;NOMEN ONKOL
Ogdem;NURANI GULDEREN
Cevizli;NURSAT KIRDAG
Akoren;PERVIZ OZTEK
Yunak;RAYET PASALI
Caglarca;REFAITTIN KAPLANER
Dumlupinar;RONI MAY
Hozat;RUDI NESELI
Arguvan;SAAT ARSOY
Yoncali;SAHADE ESENTURK
Suluklu;SAHIDIN SEMIZOGLU
Turgut;SAHLAN BILBAY
Baliseyh;SAHUT DEVELIOGLU
Bala;SALHATTIN ISKIN
Delice;SEFFAN EVYAPAN
Yazyurdu;SUHEYP FAKI
Konakpinar;SUREN SAHINLI
Gurun;SURULLAH HURMA
Kemer;TAKYEDIN KUCUKBAS
Ovacik;TANIS ULGU
Kirik;THOMAS UTKAN
Ispir;UKASE KOCUK
Camlikaya;VEFKI VELI
Akcakent;VIJDAN BASDOGAN
Kosefakili;YURDA CIG
Yenisarbademli;ZEYNIDDIN DOGANOGLU
Pazaryolu;ZILAN YERDELEN
Kangal;ABDULHALIL ACIS
Catalcam;ABDULRAZZAK AYGAR
Kavak;ADI KOZANOGLU
Akarsu;ALIYASAR PUR
Kuskayasi;ARTAN SALBAS
Cetinkaya;BARAT SOGUKSU
Gumusakar;BAZO ALKANAT
Cengerli;BEHRUZ CANCI
Alacahan;BERAATTIN UNUTMAZ
Deliktas;BERKI YARGI
Inhisar;BILAN AYDOGAR
Refahiye;CAPPAR BIYIKOGLU
Ikizdere;CENG GULDUREN
Mihaliccik;CUMI KAYAK
Kofcaz;DILSAT KIZILATES
Halkapinar;ESHAN YATAGAN
Gedikbasi;FERDETTIN BURGUCU
Danisment;GULBAY DEVRAN
Mursal;GULHASAN HACIOSMANOGLU
Sincan;GURDENIZ OZGOR
Alucra;GUVENER SARIDAS
Karacaoren;HALLO ARIS
Imranli;HUSAME COMLEK
Yedisu;IDAYET HASCELIK
Gunyuzu;ISILAY KOCMAN
Armutlu;JILBER SAGLAMER
Dallibahce;KERIMHAN BALCIN
Ilic;MAHIT BULU
Buyukyurt;MAZUL CANYURT
Kurucay;MUHAMMEDALI CIGERCI
Nazimiye;MUHYEDIN CIVICI
Otlukbeli;MUMINALI FAYDALI
Korgun;MURZA GEZMIS
Kibriscik;NURALLAH HATUNOGLU
Koprulu;OMRU KIRAR
Gundogmus;REMO ABDIOGLU
Guzelbag;SAFIK CEKIRGE
Baspinar;SAMEDDIN DIRIM
Kemaliye;SEBIL DOLAN
Dutluca;SELAHITDIN ERFIDAN
Ayranci;SEMAT SABIRLI
Yesilyazi;SERHENK PEKDOGAN
Doganbeyli;SERTAY TANRISEVEN
Kemah;SEYCAN KIRTIL
Oguz;SULHEDDIN KOCAASLAN
Alpkoy;SULTANALI KUSLU
Bozoglak;TUGYAN EFIL
Karaoglan;USKUDAR GOKLER
Hafik;VEDA INCELER
Celalli;ZAID TANYILDIZ
Balpayam;ZORBAY TASIN
Pulumur;ABITTIN YENIDUNYA
Kirmizikopru;AGALI ATESCI
Dagyolu;AKKAN KABAYEL
Ibradi;AKSU KOCALAR
Yalihuyuk;ALIMERDAN TARLACI
